"Property address","Property city","Property state","Property zip","Property flags","Owner name","Owner first name","Owner last name","Mailing address","Mailing city","Mailing state","Mailing zip",Gender,Mob,Age,"Language preference","Marital status","Equity percent","Last sale price","Estimated value","Lead score","Cash offer","Novation offer","Creative price offer","Monthly payment amount","Down payment amount","Phone number 1","Phone owner 1","Phone type 1","Likely owner 1","Phone usage 1","Phone number 2","Phone owner 2","Phone type 2","Likely owner 2","Phone usage 2","Phone number 3","Phone owner 3","Phone type 3","Likely owner 3","Phone usage 3","Phone number 4","Phone owner 4","Phone type 4","Likely owner 4","Phone usage 4","Phone number 5","Phone owner 5","Phone type 5","Likely owner 5","Phone usage 5","Phone number 6","Phone owner 6","Phone type 6","Likely owner 6","Phone usage 6","Phone number 7","Phone owner 7","Phone type 7","Likely owner 7","Phone usage 7","Phone number 8","Phone owner 8","Phone type 8","Likely owner 8","Phone usage 8","Phone number 9","Phone owner 9","Phone type 9","Likely owner 9","Phone usage 9","Phone number 10","Phone owner 10","Phone type 10","Likely owner 10","Phone usage 10","Phone number 11","Phone owner 11","Phone type 11","Likely owner 11","Phone usage 11","Phone number 12","Phone owner 12","Phone type 12","Likely owner 12","Phone usage 12","Phone number 13","Phone owner 13","Phone type 13","Likely owner 13","Phone usage 13","Phone number 14","Phone owner 14","Phone type 14","Likely owner 14","Phone usage 14","Phone number 15","Phone owner 15","Phone type 15","Likely owner 15","Phone usage 15","Phone number 16","Phone owner 16","Phone type 16","Likely owner 16","Phone usage 16","Phone number 17","Phone owner 17","Phone type 17","Likely owner 17","Phone usage 17"
"13306 4th Ave",Cleveland,OH,44112,"Off Market, Cash Buyer, Free And Clear, High Equity, Senior Owner, Absentee Owner","James & Teola Story",,Story,"13310 4th Ave",Cleveland,OH,44112,Male,194608,79,English,"Married - Likely",100,,2900,157,1609.5,1748.7,2262,6.786,45.24,"+1 (216) 268-1611","James T Story",landline,Yes,"No data available or no usage in the last 2 months","+1 (216) 650-5878","James T Story",wireless,Yes,"No data available or no usage in the last 2 months","+1 (216) 650-0834","James T Story",wireless,Yes,"Moderate Usage",,,,,,,,,,,,,,,,,,,,,,,,,,,,,,,,,,,,,,,,,,,,,,,,,,,,,,,,,,,,,,,,,,,,,,
"113 Willis St",Bedford,OH,44146,"Off Market, Cash Buyer, Free And Clear, High Equity, Absentee Owner","Patrick & Andrew Liscoe",,Liscoe,"16550 Dunham Ln",Bedford,OH,44146,,,,,,100,95100,104600,145,58053,63073.8,81588,244.764,1631.76,,,,,,,,,,,,,,,,,,,,,,,,,,,,,,,,,,,,,,,,,,,,,,,,,,,,,,,,,,,,,,,,,,,,,,,,,,,,,,,,,,,,,
"3214 Liggett Dr",Cleveland,OH,44134,"Off Market, Cash Buyer, Free And Clear, High Equity, Senior Owner, Absentee Owner","Dorothy Kaye",,Kaye,"4095 Dentzler Rd",Cleveland,OH,44134,Female,192802,97,,"Single - Likely",100,,15600,159,8658,9406.8,12168,36.504,243.36,"+1 (440) 842-0264","Dorothy R Kaye",landline,Yes,"No data available or no usage in the last 2 months","+1 (440) 842-7449","Dorothy R Kaye",landline,Yes,"No data available or no usage in the last 2 months",,,,,,,,,,,,,,,,,,,,,,,,,,,,,,,,,,,,,,,,,,,,,,,,,,,,,,,,,,,,,,,,,,,,,,,,,,,
"4091 E 93rd St",Cleveland,OH,44105,"Off Market, Cash Buyer, Free And Clear, High Equity, Senior Owner, Absentee Owner","Eula P Couch",,Couch,"3243 E 121st St",Cleveland,OH,44120,,,,,,100,,2100,150,1165.5,1266.3,1638,4.914,32.76,,,,,,,,,,,,,,,,,,,,,,,,,,,,,,,,,,,,,,,,,,,,,,,,,,,,,,,,,,,,,,,,,,,,,,,,,,,,,,,,,,,,,
"6589 Stearns Rd","North Olmsted",OH,44070,"Off Market, Free And Clear, High Equity, Absentee Owner","Anthony B Bottiggi",,Bottiggi,"6574 Cypress Dr","North Olmsted",OH,44070,Male,196012,65,English,"Married - Likely",100,4000,7300,146,4051.5,4401.9,5694,17.082,113.88,"+1 (440) 235-3009","Anthony B Bottiggi Jr.",landline,Yes,"No data available or no usage in the last 2 months","+1 (440) 235-3009","Dawn R Bottiggi",landline,No,"No data available or no usage in the last 2 months",,,,,,,,,,,,,,,,,,,,,,,,,,,,,,,,,,,,,,,,,,,,,,,,,,,,,,,,,,,,,,,,,,,,,,,,,,,
"3674 E 112th St",Cleveland,OH,44105,"Off Market, Free And Clear, High Equity, Absentee Owner","Andrea Jefferson & Martrice Reddick",,Jefferson,605403rd,Cleveland,OH,44105,,,,,,100,8500,83865,170,46545.075,50570.595,65414.7,196.2441,1308.294,,,,,,,,,,,,,,,,,,,,,,,,,,,,,,,,,,,,,,,,,,,,,,,,,,,,,,,,,,,,,,,,,,,,,,,,,,,,,,,,,,,,,
"4020 E 89th St",Cleveland,OH,44105,"Off Market, Cash Buyer, Free And Clear, High Equity, Senior Owner, Absentee Owner","Daniel Bobrowski",,Bobrowski,"4018 E 89th St",Cleveland,OH,44105,Male,195911,66,English,"Single - Likely",100,4500,900,156,499.5,542.7,702,2.106,14.04,"+1 (216) 441-4604","Daniel A Bobrowski",landline,Yes,"No data available or no usage in the last 2 months","+1 (216) 631-1778","Daniel A Bobrowski",landline,Yes,"No data available or no usage in the last 2 months","+1 (216) 465-4696","Daniel A Bobrowski",landline,Yes,"Minimal Usage",,,,,,,,,,,,,,,,,,,,,,,,,,,,,,,,,,,,,,,,,,,,,,,,,,,,,,,,,,,,,,,,,,,,,,
"3685 E 154th St",Cleveland,OH,44120,"Off Market, Free And Clear, High Equity","Cardie L Whitfield",,Whitfield,"3685 E 154th St",Cleveland,OH,44120,,,,,,100,,9200,120,5106,5547.6,7176,21.528,143.52,,,,,,,,,,,,,,,,,,,,,,,,,,,,,,,,,,,,,,,,,,,,,,,,,,,,,,,,,,,,,,,,,,,,,,,,,,,,,,,,,,,,,
"8110 Preble Ave",Cleveland,OH,44104,"Off Market, Cash Buyer, Free And Clear, High Equity, Out Of State Owner, Absentee Owner","Ben Pawda",,Pawda,"47 Prentice Rd","Newton Center",MA,02459,,,,,,100,300,8600,140,4773,5185.8,6708,20.124,134.16,,,,,,,,,,,,,,,,,,,,,,,,,,,,,,,,,,,,,,,,,,,,,,,,,,,,,,,,,,,,,,,,,,,,,,,,,,,,,,,,,,,,,
"2961 E 79th St",Cleveland,OH,44104,"Off Market, Cash Buyer, Free And Clear, High Equity, Absentee Owner, Corporate Owner","Holy Trinity Revelation",,,"2953 E 79th St",Cleveland,OH,44104,,,,,,100,8000,5700,169,3163.5,3437.1,4446,13.338,88.92,,,,,,,,,,,,,,,,,,,,,,,,,,,,,,,,,,,,,,,,,,,,,,,,,,,,,,,,,,,,,,,,,,,,,,,,,,,,,,,,,,,,,
"7032 Morgan Ave",Cleveland,OH,44127,"Off Market, Cash Buyer, Free And Clear, High Equity, Absentee Owner","George G Burke",,Burke,"2800 Euclid Ave Ste 300",Cleveland,OH,44115,,,,,,100,48000,4300,155,2386.5,2592.9,3354,10.062,67.08,,,,,,,,,,,,,,,,,,,,,,,,,,,,,,,,,,,,,,,,,,,,,,,,,,,,,,,,,,,,,,,,,,,,,,,,,,,,,,,,,,,,,
"2346 E 61st St Apt 5",Cleveland,OH,44104,"Off Market, High Equity","Rowena Washington",,Washington,"2346 E 61st St Apt 5",Cleveland,OH,44104,,,,,,100,5762,48178,150,26738.79,29051.334,37578.84,112.73652,751.5768,,,,,,,,,,,,,,,,,,,,,,,,,,,,,,,,,,,,,,,,,,,,,,,,,,,,,,,,,,,,,,,,,,,,,,,,,,,,,,,,,,,,,
"229 E 151st St",Cleveland,OH,44110,"Off Market, Free And Clear, High Equity, Out Of State Owner, Absentee Owner","Robbie L Deleur & Carl Brown",,Deleur,"25 Williams Trl",Howe,TX,75459,,,,,,100,76000,25700,150,14263.5,15497.1,20046,60.138,400.92,,,,,,,,,,,,,,,,"+1 (214) 912-4874","Connie S Miksits",wireless,No,,"+1 (903) 868-8659","Connie S Miksits",landline,No,,"+1 (972) 678-0305","Connie S Miksits",landline,No,,"+1 (214) 912-4870","Siegfried J Miksits",wireless,No,,"+1 (903) 868-8659","Siegfried J Miksits",landline,No,,"+1 (903) 893-8618","Gene W Williams",landline,No,,"+1 (903) 893-7829","Gene W Williams",landline,No,,"+1 (903) 893-8618","O E Williams",landline,No,,"+1 (903) 893-7829","O E Williams",landline,No,,,,,,,,,,,,,,,,,,,,,,,,,,
"805 Wayside Rd",Cleveland,OH,44110,"Off Market, Free And Clear, High Equity, Senior Owner, Absentee Owner","Daniel R Palumbo",,Palumbo,"809 Wayside Rd",Cleveland,OH,44110,Male,194811,77,English,"Married - Likely",100,,1000,157,555,603,780,2.34,15.6,"+1 (216) 526-6318","Daniel R Palumbo",wireless,Yes,"No data available or no usage in the last 2 months","+1 (216) 650-6958","Daniel R Palumbo",wireless,Yes,"No data available or no usage in the last 2 months","+1 (216) 481-5237","Alice D Palumbo",landline,No,"No data available or no usage in the last 2 months","+1 (216) 272-1048","Alice D Palumbo",wireless,No,,"+1 (216) 272-1048","Kristin L Hiser",wireless,No,,,,,,,,,,,,,,,,,,,,,,,,,,,,,,,,,,,,,,,,,,,,,,,,,,,,,,,,,,,,,
"6015 Linwood Ave",Cleveland,OH,44103,"Off Market, Cash Buyer, Free And Clear, High Equity, Senior Owner, Absentee Owner","Norman Brown",,Brown,"Po Box 605106",Cleveland,OH,44105,,,,,,100,,1300,150,721.5,783.9,1014,3.042,20.28,,,,,,,,,,,,,,,,,,,,,,,,,,,,,,,,,,,,,,,,,,,,,,,,,,,,,,,,,,,,,,,,,,,,,,,,,,,,,,,,,,,,,
"7503 Superior Ave",Cleveland,OH,44103,"Off Market, Free And Clear, High Equity, Absentee Owner","Constanace Goshay",,Goshay,"11459 Mayfield Rd",Cleveland,OH,44106,,,,,,100,,1700,140,943.5,1025.1,1326,3.978,26.52,,,,,,,,,,,,,,,,,,,,,,,,,,,,,,,,,,,,,,,,,,,,,,,,,,,,,,,,,,,,,,,,,,,,,,,,,,,,,,,,,,,,,
"1111 E 71st St",Cleveland,OH,44103,"Off Market, Cash Buyer, Free And Clear, High Equity, Senior Owner, Absentee Owner","Antoinette Malnar",,Malnar,"543 Kitlou Ct",Holland,OH,43528,,,,,,100,,3800,150,2109,2291.4,2964,8.892,59.28,"+1 (440) 946-0928","Antoinette M Malnar",landline,Yes,"No data available or no usage in the last 2 months","+1 (630) 922-7055","Antoinette M Malnar",landline,Yes,"No data available or no usage in the last 2 months","+1 (330) 554-1995","Matthew H Davis",wireless,No,"No data available or no usage in the last 2 months","+1 (765) 497-1088","Matthew H Davis",landline,No,,"+1 (419) 865-2708","Matthew H Davis",landline,No,,"+1 (330) 554-6083","Karen M Davis",wireless,No,,"+1 (765) 497-1088","Karen M Davis",landline,No,,"+1 (419) 865-2708","Karen M Davis",landline,No,,,,,,,,,,,,,,,,,,,,,,,,,,,,,,,,,,,,,,,,,,,,,,
"1421 E 52nd St",Cleveland,OH,44103,"Off Market, Free And Clear, High Equity, Absentee Owner","Joseph Duganitz",,Duganitz,"1410 E 52nd St",Cleveland,OH,44103,,,,,,100,,1200,140,666,723.6,936,2.808,18.72,,,,,,,,,,,,,,,,,,,,,,,,,,,,,,,,,,,,,,,,,,,,,,,,,,,,,,,,,,,,,,,,,,,,,,,,,,,,,,,,,,,,,
"3422 W 50th St",Cleveland,OH,44102,"Off Market, Free And Clear, High Equity, Absentee Owner","Christy M Fulcomer",,Fulcomer,"3420 W 50th St",Cleveland,OH,44102,,,,,,100,4500,2900,140,1609.5,1748.7,2262,6.786,45.24,,,,,,,,,,,,,,,,,,,,,,,,,,,,,,,,,,,,,,,,,,,,,,,,,,,,,,,,,,,,,,,,,,,,,,,,,,,,,,,,,,,,,
"3708 Chatham Ave",Cleveland,OH,44113,"Off Market, Free And Clear, High Equity, Absentee Owner","Dolores R Pagan",,Pagan,"3656 W 133rd St",Cleveland,OH,44111,Female,197412,51,Spanish,"Married - Likely",100,,8900,145,4939.5,5366.7,6942,20.826,138.84,"+1 (216) 544-6807","Dolores Rojas",wireless,Yes,"No data available or no usage in the last 2 months","+1 (216) 941-9697","Dolores Rojas",landline,Yes,"No data available or no usage in the last 2 months","+1 (216) 889-3204","Luis C Rojas",wireless,No,"No data available or no usage in the last 2 months","+1 (216) 941-9697","Isabel L Rojas",landline,No,,,,,,,,,,,,,,,,,,,,,,,,,,,,,,,,,,,,,,,,,,,,,,,,,,,,,,,,,,,,,,,,,,
"2230 W 53rd St",Cleveland,OH,44102,"Off Market, Absentee Owner","Rolando & Jose Muniz",,Muniz,"2232 W 53rd St",Cleveland,OH,44102,Male,198007,45,,,100,12500,2900,159,1609.5,1748.7,2262,6.786,45.24,"+1 (216) 812-5670","Jose Muniz",landline,Yes,"No data available or no usage in the last 2 months","+1 (216) 651-9293","Rolando Muniz",landline,Yes,"No data available or no usage in the last 2 months","+1 (216) 812-5670","Rolando Muniz",landline,Yes,"Minimal Usage","+1 (216) 288-2876","Rolando Muniz",wireless,Yes,,,,,,,,,,,,,,,,,,,,,,,,,,,,,,,,,,,,,,,,,,,,,,,,,,,,,,,,,,,,,,,,,,
"7618 Lawn Ave",Cleveland,OH,44102,"Off Market, Free And Clear, High Equity, Absentee Owner","Calvi Hicks",,Hicks,"17614 Lawn Ave",Cleveland,OH,44102,,,,,,100,17450,1300,170,721.5,783.9,1014,3.042,20.28,,,,,,,,,,,,,,,,,,,,,,,,,,,,,,,,,,,,,,,,,,,,,,,,,,,,,,,,,,,,,,,,,,,,,,,,,,,,,,,,,,,,,
"4119 Cloud Ave",Cleveland,OH,44113,"Off Market, Cash Buyer, Free And Clear, High Equity, Absentee Owner","Bruno Disiena",,Disiena,"2644 W 41st St",Cleveland,OH,44113,,,,,,100,10000,89971,170,49933.905,54252.513,70177.38,210.53214,1403.5476,,,,,,,,,,,,,,,,,,,,,,,,,,,,,,,,,,,,,,,,,,,,,,,,,,,,,,,,,,,,,,,,,,,,,,,,,,,,,,,,,,,,,
"2125 W 106th St",Cleveland,OH,44102,"Off Market, Cash Buyer, Free And Clear, High Equity, Senior Owner, Absentee Owner","Earnestine Boyle",,Boyle,"2121 W 106th St",Cleveland,OH,44102,,,,,,100,,4400,150,2442,2653.2,3432,10.296,68.64,,,,,,,,,,,,,,,,,,,,,,,,,,,,,,,,,,,,,,,,,,,,,,,,,,,,,,,,,,,,,,,,,,,,,,,,,,,,,,,,,,,,,
"3154 W 103rd St",Cleveland,OH,44111,"Off Market, Free And Clear, High Equity, Absentee Owner","Danielle Zupan",,Zupan,"3156 W 103rd St",Cleveland,OH,44111,Female,197405,51,English,"Married - Likely",100,6500,1300,175,721.5,783.9,1014,3.042,20.28,"+1 (216) 941-9083","Danielle L Zupan",landline,Yes,"No data available or no usage in the last 2 months","+1 (216) 252-8882","David S Kiser",landline,No,"No data available or no usage in the last 2 months",,,,,,,,,,,,,,,,,,,,,,,,,,,,,,,,,,,,,,,,,,,,,,,,,,,,,,,,,,,,,,,,,,,,,,,,,,,
"2292 W 19th St",Cleveland,OH,44113,"Off Market, Cash Buyer, Free And Clear, High Equity, Absentee Owner, Likely To Move","Milton & Dawn Lorring",,Lorring,"2280 W 19th St",Cleveland,OH,44113,,,,,,100,10000,15500,170,8602.5,9346.5,12090,36.27,241.8,,,,,,,,,,,,,,,,,,,,,,,,,,,,,,,,,,,,,,,,,,,,,,,,,,,,,,,,,,,,,,,,,,,,,,,,,,,,,,,,,,,,,
"1340 W 87th St",Cleveland,OH,44102,"Off Market, Free And Clear, High Equity, Senior Owner, Absentee Owner","Paula Dejesus & Angela Caban",,Dejesus,"1344 W 87th St",Cleveland,OH,44102,Female,195406,71,English,,100,,1200,157,666,723.6,936,2.808,18.72,"+1 (216) 225-7502","Paula D Solis",wireless,Yes,"No data available or no usage in the last 2 months","+1 (216) 253-3558","Aracelis Caban",wireless,No,"No data available or no usage in the last 2 months","+1 (216) 772-5934","Angel M Caban",wireless,No,"No data available or no usage in the last 2 months",,,,,,,,,,,,,,,,,,,,,,,,,,,,,,,,,,,,,,,,,,,,,,,,,,,,,,,,,,,,,,,,,,,,,,
"3204 Bridge Ave",Cleveland,OH,44113,"Off Market, Cash Buyer, Tax Delinquent, Absentee Owner","Rajinder Ahluwalia & Kristie Ross",,Ahluwalia,"1870 Fulton Rd",Cleveland,OH,44113,,,,,,100,295000,11800,125,6549,7115.4,9204,27.612,184.08,,,,,,,,,,,,,,,,,,,,,,,,,,,,,,,,,,,,,,,,,,,,,,,,,,,,,,,,,,,,,,,,,,,,,,,,,,,,,,,,,,,,,
"3435 Rosedale Rd",Cleveland,OH,44112,"Off Market, Cash Buyer, Free And Clear, High Equity, Absentee Owner","Ari Wolf",,Wolf,"2984 Lynn Dr","Willoughby Hills",OH,44092,,,,,,100,11640,10500,170,5827.5,6331.5,8190,24.57,163.8,,,,,,,,,,,,,,,,,,,,,"+1 (440) 943-1934","Blazenka C Mathews",landline,No,,"+1 (440) 943-1934","Ashley M Mathews",landline,No,,,,,,,,,,,,,,,,,,,,,,,,,,,,,,,,,,,,,,,,,,,,,,,,,,,,,,,,
"18716 Miles Rd",Cleveland,OH,44128,"Off Market, Free And Clear, High Equity, Absentee Owner","Christopher Otto",,Otto,"Po Box 22565",Beachwood,OH,44122,,,,,,100,85000,9900,150,5494.5,5969.7,7722,23.166,154.44,,,,,,,,,,,,,,,,,,,,,,,,,,,,,,,,,,,,,,,,,,,,,,,,,,,,,,,,,,,,,,,,,,,,,,,,,,,,,,,,,,,,,
"4473 Ingleside Rd",Cleveland,OH,44128,"Off Market, Cash Buyer, Free And Clear, High Equity, Senior Owner, Absentee Owner","Theresa Hutchins",,Hutchins,"4469 Ingleside Rd",Cleveland,OH,44128,Female,195812,67,English,"Married - Likely",100,16667,4000,186,2220,2412,3120,9.36,62.4,"+1 (216) 397-1111","Theresa A Hutchins",landline,Yes,"No data available or no usage in the last 2 months","+1 (216) 475-3524","Theresa A Hutchins",landline,Yes,"No data available or no usage in the last 2 months","+1 (216) 321-9929","Theresa A Hutchins",landline,Yes,"No data available or no usage in the last 2 months",,,,,,"+1 (216) 475-3524","Michael A Respress",landline,No,,"+1 (216) 273-7207","Michael A Respress",landline,No,,"+1 (216) 242-9622","Michael A Respress",wireless,No,,,,,,,,,,,,,,,,,,,,,,,,,,,,,,,,,,,,,,,,,,,,,,,,,,,
"1298 E 133rd St",Cleveland,OH,44112,"Off Market, Adjustable Loan, Cash Buyer, Absentee Owner","Raymond Litvin",,Litvin,"24885 Twickenham Dr",Beachwood,OH,44122,,,,,,100,80000,2700,135,1498.5,1628.1,2106,6.318,42.12,,,,,,,,,,,,,,,,,,,,,,,,,,,,,,,,,,,,,,,,,,,,,,,,,,,,,,,,,,,,,,,,,,,,,,,,,,,,,,,,,,,,,
"805 Firethorn Dr","Seven Hills",OH,44131,"Off Market, Free And Clear, High Equity, Vacant Home","Eileen Wright",,Wright,"805 Firethorn Dr","Seven Hills",OH,44131,,,,,,100,81500,307861,130,170862.855,185640.183,240131.58,720.39474,4802.6316,,,,,,,,,,,,,,,,,,,,,,,,,,,,,,,,,,,,,,,,,,,,,,,,,,,,,,,,,,,,,,,,,,,,,,,,,,,,,,,,,,,,,
"15670 Hummel Rd",Brookpark,OH,44142,"Off Market, Cash Buyer, Free And Clear, High Equity, Absentee Owner","Patricia & James Carr",,Carr,"25644 Hidden Acres Dr",Westlake,OH,44145,,,,,,100,15000,18000,170,9990,10854,14040,42.12,280.8,,,,,,,,,,,"+1 (703) 689-3205","Julie L Lajoie",landline,No,"No data available or no usage in the last 2 months","+1 (805) 264-8602","David M Nguyen",wireless,No,,,,,,,,,,,,,,,,,,,,,,,,,,,,,,,,,,,,,,,,,,,,,,,,,,,,,,,,,,,,,,,,,,
"4099 E 108th St",Cleveland,OH,44105,"Off Market, Free And Clear, High Equity, Absentee Owner","Bobbie & Rosie Woods",,Woods,"4095 E 108th St",Cleveland,OH,44105,,,,,,100,11584,700,170,388.5,422.1,546,1.638,10.92,"+1 (216) 641-6023","Bobby D Woods",landline,No,"No data available or no usage in the last 2 months","+1 (216) 341-2952","Bobby D Woods",landline,No,"No data available or no usage in the last 2 months",,,,,,,,,,,,,,,,,,,,,,,,,,,,,,,,,,,,,,,,,,,,,,,,,,,,,,,,,,,,,,,,,,,,,,,,,,,
"4367 Warner Rd",Cleveland,OH,44105,"Off Market, Cash Buyer, High Equity, Absentee Owner","Alfred Mance",,Mance,"14925 White Rd",Middlefield,OH,44062,,,,,,100,2500,1900,140,1054.5,1145.7,1482,4.446,29.64,,,,,,,,,,,,,,,,,,,,,,,,,,,,,,,,,,,,,,,,,,,,,,,,,,,,,,,,,,,,,,,,,,,,,,,,,,,,,,,,,,,,,
"6518 Hosmer Ave",Cleveland,OH,44105,"Off Market, Cash Buyer, High Equity, Absentee Owner","Elsie M Travalik",,Travalik,"14982 Munn Rd",Newbury,OH,44065,,,,,,100,,7900,140,4384.5,4763.7,6162,18.486,123.24,"+1 (440) 983-4647","Margaret M Knotts",landline,No,"No data available or no usage in the last 2 months","+1 (440) 428-0302","Margaret M Knotts",landline,No,"No data available or no usage in the last 2 months","+1 (330) 348-0195","Margaret M Knotts",landline,No,"Light Usage","+1 (440) 739-8002","Roberta A Albrecht",landline,No,,"+1 (440) 564-9442","Roberta A Albrecht",landline,No,,"+1 (440) 564-5125","Roberta A Albrecht",landline,No,,,,,,,,,,,,,,,,,,,,,,,,,,,,,,,,,,,,,,,,,,,,,,,,,,,,,,,,
"9717 Stoughton Ave",Cleveland,OH,44104,"Off Market","Anita P Davidson",,Davidson,"9717 Stoughton Ave",Cleveland,OH,44104,,,,,,58,,75756,63,42044.58,45680.868,59089.68,177.26904,1181.7936,,,,,,,,,,,,,,,,,,,,,,,,,,,,,,,,,,,,,,,,,,,,,,,,,,,,,,,,,,,,,,,,,,,,,,,,,,,,,,,,,,,,,
"2632 E 112th St",Cleveland,OH,44104,"Off Market, Adjustable Loan, Absentee Owner","Rosetta Sanders",,Sanders,"8001 Keyes Ave",Cleveland,OH,44104,,,,,,100,,7800,125,4329,4703.4,6084,18.252,121.68,,,,,,,,,,,,,,,,"+1 (216) 651-8908","Rashaun Edgerson",landline,No,,,,,,,,,,,,,,,,,,,,,,,,,,,,,,,,,,,,,,,,,,,,,,,,,,,,,,,,,,,,,,,,,,
"3617 E 153rd St",Cleveland,OH,44120,"Off Market, Cash Buyer, Free And Clear, High Equity, Absentee Owner","Sarita M Montgomery",,Montgomery,"3613 E 153rd St",Cleveland,OH,44120,,,,,,100,,4000,140,2220,2412,3120,9.36,62.4,,,,,,,,,,,,,,,,,,,,,,,,,,,,,,,,,,,,,,,,,,,,,,,,,,,,,,,,,,,,,,,,,,,,,,,,,,,,,,,,,,,,,
"12017 Oakland Ave",Cleveland,OH,44106,"Off Market, Cash Buyer, Free And Clear, High Equity, Absentee Owner","Jacqueline M Harris-dickson",,Harris-dickson,"1318 Lakeview Rd",Cleveland,OH,44106,,,,,,100,9384,1700,170,943.5,1025.1,1326,3.978,26.52,,,,,,,,,,,,,,,,,,,,,,,,,,,,,,,,,,,,,,,,,,,,,,,,,,,,,,,,,,,,,,,,,,,,,,,,,,,,,,,,,,,,,
"428 E 124th St",Cleveland,OH,44108,"Off Market, High Equity, Absentee Owner, Corporate Owner","A & B Property Investors LLC",,,"24101 Lake Shore Blvd",Euclid,OH,44123,,,,,,100,90000,1800,144,999,1085.4,1404,4.212,28.08,,,,,,,,,,,,,,,,,,,,,,,,,,,,,,,,,,,,,,,,,,,,,,,,,,,,,,,,,,,,,,,,,,,,,,,,,,,,,,,,,,,,,
"10706 Earle Ave",Cleveland,OH,44108,"Off Market, Cash Buyer, Free And Clear, High Equity, Senior Owner, Absentee Owner","Archie J Reddix Jr",,Reddix,"10710 Earle Ave",Cleveland,OH,44108,Male,195907,66,,"Married - Likely",100,13000,900,186,499.5,542.7,702,2.106,14.04,"+1 (216) 761-1738","Archie J Reddix Jr.",landline,Yes,"No data available or no usage in the last 2 months","+1 (216) 851-5553","Archie J Reddix Jr.",landline,Yes,"No data available or no usage in the last 2 months","+1 (216) 212-7999","Archie J Reddix Jr.",wireless,Yes,"Heavy Usage","+1 (216) 280-0837","Adrienne K Reddix",wireless,No,,"+1 (216) 761-1738","Adrienne K Reddix",landline,No,,"+1 (216) 851-5553","Adrienne K Reddix",landline,No,,"+1 (216) 851-5553","Arlante Reddix",landline,No,,,,,,,,,,,,,,,,,,,,,,,,,,,,,,,,,,,,,,,,,,,,,,,,,,,
"1363 E 91st St",Cleveland,OH,44106,"Off Market, Free And Clear, High Equity, Absentee Owner","John Sparenga",,Sparenga,"9207 Clifton Blvd",Cleveland,OH,44102,,,,,,100,10000,1200,170,666,723.6,936,2.808,18.72,,,,,,,,,,,,,,,,,,,,,,,,,,,,,,,,,,,,,,,,,,,,,,,,,,,,,,,,,,,,,,,,,,,,,,,,,,,,,,,,,,,,,
"6609 Hoppensack Ave",Cleveland,OH,44127,"Off Market, Cash Buyer, Free And Clear, High Equity, Absentee Owner","Edward Pratnicki",,Pratnicki,"4363 Roxburghe Dr",Brecksville,OH,44141,,,,,,100,8500,5600,170,3108,3376.8,4368,13.104,87.36,,,,,,,,,,,,,,,,,,,,,,,,,,,,,,,,,,,,,,,,,,,,,,,,,,,,,,,,,,,,,,,,,,,,,,,,,,,,,,,,,,,,,
"1185 E 84th St",Cleveland,OH,44103,"Off Market, High Equity, Tax Delinquent, Absentee Owner","Kathleen Williams",,Williams,"18214 Garden Blvd",Cleveland,OH,44128,,,,,,100,,3800,140,2109,2291.4,2964,8.892,59.28,,,,,,,,,,,,,,,,,,,,,,,,,,,,,,,,,,,,,,,,,,,,,,,,,,,,,,,,,,,,,,,,,,,,,,,,,,,,,,,,,,,,,
"2265 E 86th St",Cleveland,OH,44106,"Off Market, Cash Buyer, Free And Clear, High Equity, Absentee Owner","Evelyn Wilder",,Wilder,"2259 E 86th St",Cleveland,OH,44106,,,,,,100,74305,1600,150,888,964.8,1248,3.744,24.96,,,,,,,,,,,,,,,,,,,,,,,,,,,,,,,,,,,,,,,,,,,,,,,,,,,,,,,,,,,,,,,,,,,,,,,,,,,,,,,,,,,,,
"7215 Lawnview Ave",Cleveland,OH,44103,"Off Market, Cash Buyer, Free And Clear, High Equity, Senior Owner, Absentee Owner","Gwendolyn L Smith",,Smith,"4307 E 163rd St",Cleveland,OH,44128,,,,,,100,3792,1700,150,943.5,1025.1,1326,3.978,26.52,,,,,,,,,,,,,,,,,,,,,,,,,,,,,,,,,,,,,,,,,,,,,,,,,,,,,,,,,,,,,,,,,,,,,,,,,,,,,,,,,,,,,
"12009 Chesterfield Ave",Cleveland,OH,44108,"Off Market, Cash Buyer, Free And Clear, High Equity, Out Of State Owner, Absentee Owner","Earl Barnett",,Barnett,"1119 E Highland Dr",Lakeland,FL,33813,,,,,,100,,1800,140,999,1085.4,1404,4.212,28.08,,,,,,,,,,,,,,,,,,,,,,,,,,,,,,,,,,,,,,,,,,,,,,,,,,,,,,,,,,,,,,,,,,,,,,,,,,,,,,,,,,,,,
"1012 Eddy Rd",Cleveland,OH,44108,"Off Market, Free And Clear, High Equity, Absentee Owner","Melvin L Watkins",,Watkins,"782 Eddy Rd",Cleveland,OH,44108,Male,196209,63,English,"Married - Likely",100,33000,6300,161,3496.5,3798.9,4914,14.742,98.28,"+1 (216) 376-5986","Melvin L Watkins",wireless,Yes,"No data available or no usage in the last 2 months","+1 (216) 224-9848","Melvin L Watkins",wireless,Yes,"No data available or no usage in the last 2 months",,,,,,,,,,,,,,,,,,,,,,,,,,,,,,,,,,,,,,,,,,,,,,,,,,,,,,,,,,,,,,,,,,,,,,,,,,,
"963 Maud Ave",Cleveland,OH,44103,"Off Market, Cash Buyer, Free And Clear, High Equity, Absentee Owner","Marcia B Decedeno",,Decedeno,"961 Maud Ave",Cleveland,OH,44103,,,,,,100,,4600,140,2553,2773.8,3588,10.764,71.76,,,,,,,,,,,,,,,,,,,,,,,,,,,,,,,,,,,,,,,,,,,,,,,,,,,,,,,,,,,,,,,,,,,,,,,,,,,,,,,,,,,,,
"3783 W 32nd Pl",Cleveland,OH,44109,"Off Market, Absentee Owner","Michael & Laurel Harrison",,Harrison,"3101 Archwood Ave",Cleveland,OH,44109,Female,196805,57,,"Married - Likely",100,9100,1900,160,1054.5,1145.7,1482,4.446,29.64,"+1 (216) 398-4959","Laurel M Harrison",landline,Yes,"No data available or no usage in the last 2 months","+1 (216) 398-4959","Michael V Harrison",landline,Yes,"No data available or no usage in the last 2 months",,,,,,,,,,,,,,,,,,,,,,,,,,,,,,,,,,,,,,,,,,,,,,,,,,,,,,,,,,,,,,,,,,,,,,,,,,,
"4579 Niessen Ct",Cleveland,OH,44109,"Off Market, Cash Buyer, Free And Clear, High Equity, Absentee Owner","Kenneth & Elaine Taylor",,Taylor,"4583 Niessen Ct",Cleveland,OH,44109,Male,196503,60,,,100,200,12600,146,6993,7597.8,9828,29.484,196.56,"+1 (216) 217-7442","Kenneth G Taylor",wireless,Yes,"No data available or no usage in the last 2 months","+1 (216) 623-0918","Kenneth G Taylor",landline,Yes,"No data available or no usage in the last 2 months","+1 (216) 771-5981","Kenneth G Taylor",landline,Yes,"No data available or no usage in the last 2 months","+1 (216) 423-7192","Brandon Taylor",wireless,No,,"+1 (216) 771-5981","Brandon Taylor",landline,No,,"+1 (216) 623-0918","Brandon Taylor",landline,No,,,,,,,,,,,,,,,,,,,,,,,,,,,,,,,,,,,,,,,,,,,,,,,,,,,,,,,,
"4107 Denison Ave",Cleveland,OH,44109,"Off Market, Free And Clear, High Equity, Absentee Owner","Jesse Frye",,Frye,"3834 W 41sr St",Cleveland,OH,44109,,,,,,100,1560,1800,140,999,1085.4,1404,4.212,28.08,,,,,,,,,,,,,,,,,,,,,,,,,,,,,,,,,,,,,,,,,,,,,,,,,,,,,,,,,,,,,,,,,,,,,,,,,,,,,,,,,,,,,
"3291 W 34th St",Cleveland,OH,44109,"Off Market, Cash Buyer, Free And Clear, High Equity, Absentee Owner","Woodrow R Patton III",,Patton,"3293 W 34th St",Cleveland,OH,44109,,,,,,100,14341,2200,170,1221,1326.6,1716,5.148,34.32,,,,,,,,,,,,,,,,,,,,,,,,,,,,,,,,,,,,,,,,,,,,,,,,,,,,,,,,,,,,,,,,,,,,,,,,,,,,,,,,,,,,,
"7709 Lawn Ave",Cleveland,OH,44102,"Off Market, Free And Clear, High Equity, Absentee Owner","Alfredo & Jeanette Ortiz",,Ortiz,"7709 Lawn Ave",Cleveland,OH,44102,,,,,,100,10800,1300,170,721.5,783.9,1014,3.042,20.28,,,,,,,,,,,,,,,,,,,,,,,,,,,,,,,,,,,,,,,,,,,,,,,,,,,,,,,,,,,,,,,,,,,,,,,,,,,,,,,,,,,,,
"5000 Bridge Ave",Cleveland,OH,44102,"Off Market, Cash Buyer, Free And Clear, High Equity, Absentee Owner","Lynn M Majewski",,Majewski,"5004 Bridge Ave",Cleveland,OH,44102,,,,,,100,9000,36600,170,20313,22069.8,28548,85.644,570.96,,,,,,,,,,,,,,,,,,,,,,,,,,,,,,,,,,,,,,,,,,,,,,,,,,,,,,,,,,,,,,,,,,,,,,,,,,,,,,,,,,,,,
"4703 Clinton Ave",Cleveland,OH,44102,"Off Market, Cash Buyer, Free And Clear, High Equity, Absentee Owner","Hans R Holznagel & Kathryn Harlow",,Holznagel,"4701 Clinton Ave",Cleveland,OH,44102,,,,,,100,79000,16800,150,9324,10130.4,13104,39.312,262.08,,,,,,,,,,,,,,,,,,,,,,,,,,,,,,,,,,,,,,,,,,,,,,,,,,,,,,,,,,,,,,,,,,,,,,,,,,,,,,,,,,,,,
"4619 Clinton Ave",Cleveland,OH,44102,"Off Market, Cash Buyer, Free And Clear, High Equity, Absentee Owner","Hans R Holznagel & Kathryn Harlow",,Holznagel,"4701 Clinton Ave",Cleveland,OH,44102,,,,,,100,79000,28600,150,15873,17245.8,22308,66.924,446.16,,,,,,,,,,,,,,,,,,,,,,,,,,,,,,,,,,,,,,,,,,,,,,,,,,,,,,,,,,,,,,,,,,,,,,,,,,,,,,,,,,,,,
