"Property address","Property city","Property state","Property zip","Property flags","Owner name","Owner first name","Owner last name","Mailing address","Mailing city","Mailing state","Mailing zip",Gender,Mob,Age,"Language preference","Marital status","Equity percent","Last sale price","Estimated value","Lead score","Cash offer","Novation offer","Creative price offer","Monthly payment amount","Down payment amount","Phone number 1","Phone owner 1","Phone type 1","Likely owner 1","Phone usage 1","Phone number 2","Phone owner 2","Phone type 2","Likely owner 2","Phone usage 2","Phone number 3","Phone owner 3","Phone type 3","Likely owner 3","Phone usage 3","Phone number 4","Phone owner 4","Phone type 4","Likely owner 4","Phone usage 4","Phone number 5","Phone owner 5","Phone type 5","Likely owner 5","Phone usage 5","Phone number 6","Phone owner 6","Phone type 6","Likely owner 6","Phone usage 6","Phone number 7","Phone owner 7","Phone type 7","Likely owner 7","Phone usage 7","Phone number 8","Phone owner 8","Phone type 8","Likely owner 8","Phone usage 8","Phone number 9","Phone owner 9","Phone type 9","Likely owner 9","Phone usage 9","Phone number 10","Phone owner 10","Phone type 10","Likely owner 10","Phone usage 10","Phone number 11","Phone owner 11","Phone type 11","Likely owner 11","Phone usage 11","Phone number 12","Phone owner 12","Phone type 12","Likely owner 12","Phone usage 12","Phone number 13","Phone owner 13","Phone type 13","Likely owner 13","Phone usage 13","Phone number 14","Phone owner 14","Phone type 14","Likely owner 14","Phone usage 14","Phone number 15","Phone owner 15","Phone type 15","Likely owner 15","Phone usage 15","Phone number 16","Phone owner 16","Phone type 16","Likely owner 16","Phone usage 16","Phone number 17","Phone owner 17","Phone type 17","Likely owner 17","Phone usage 17"
"2065 Woodstock Rd","Gates Mills",OH,44040,"Off Market, Free And Clear, High Equity, Senior Owner, Absentee Owner","Electa T Horth",,Horth,"2075 Woodstock Rd","Gates Mills",OH,44040,Female,193603,89,English,"Married - Likely",100,440000,107500,158,59662.5,64822.5,83850,251.55,1677,"+1 (440) 423-1924","Electa T Horth",landline,Yes,"Light Usage","+1 (440) 213-7777","Electa T Horth",wireless,Yes,"Moderate Usage",,,,,,,,,,,,,,,,,,,,,,,,,,,,,,,,,,,,,,,,,,,,,,,,,,,,,,,,,,,,,,,,,,,,,,,,,,,
"5280 William St","Maple Heights",OH,44137,"Off Market, Free And Clear, High Equity","Loretta Grant & Alecia Jenkins",,Grant,"5280 William St","Maple Heights",OH,44137,,,,,,100,34170,87669,135,48656.295,52864.407,68381.82,205.14546,1367.6364,"+1 (216) 365-3850","Loretta P Grant",landline,Yes,"Minimal Usage","+1 (216) 258-9390","Loretta P Grant",wireless,Yes,"Light Usage","+1 (216) 383-8940","Loretta P Grant",landline,Yes,"No data available or no usage in the last 2 months","+1 (216) 258-9394","Alecia R Jenkins",wireless,Yes,,,,,,,,,,,,,,,,,,,,,,,,,,,,,,,,,,,,,,,,,,,,,,,,,,,,,,,,,,,,,,,,,,
"2745 Belvoir Blvd","Shaker Heights",OH,44122,"Off Market, Free And Clear, High Equity","Joshua & Gwen Herman",,Herman,"2745 Belvoir Blvd","Shaker Heights",OH,44122,Male,198306,42,English,"Married - Likely",100,470000,32300,124,17926.5,19476.9,25194,75.582,503.88,"+1 (216) 223-4008","Joshua Y Herman",landline,Yes,"Minimal Usage","+1 (216) 630-8193","Joshua Y Herman",wireless,Yes,"Moderate Usage","+1 (216) 280-2712","Gwen E Gillespie",wireless,Yes,"No data available or no usage in the last 2 months","+1 (216) 451-7069","Gwen E Gillespie",landline,Yes,,,,,,,,,,,,,,,,,,,,,,,,,,,,,,,,,,,,,,,,,,,,,,,,,,,,,,,,,,,,,,,,,,
"13715 Cranwood Park Blvd",Cleveland,OH,44125,"Off Market, Cash Buyer, Free And Clear, High Equity, Senior Owner, Absentee Owner","Mattie B Lewis",,Lewis,"4673 Beechgrove Ave",Cleveland,OH,44125,Female,193003,95,English,"Married - Likely",100,33500,13400,174,7437,8080.2,10452,31.356,209.04,"+1 (216) 587-3759","Mattie B Lewis",landline,Yes,"Light Usage","+1 (216) 587-3759","Joseph Lewis",landline,No,"Minimal Usage","+1 (216) 209-4214","Joseph Lewis",wireless,No,"No data available or no usage in the last 2 months","+1 (216) 587-3759","Joseph D Lewis",landline,No,,,,,,,,,,,,,,,,,,,,,,,,,,,,,,,,,,,,,,,,,,,,,,,,,,,,,,,,,,,,,,,,,,
"3542 Radcliff Rd",Cleveland,OH,44121,"Off Market, Cash Buyer, Free And Clear, High Equity, Senior Owner, Absentee Owner","Laura M Harps",,Harps,"499 Deep Creek Cir",Northfield,OH,44067,Female,194808,77,English,"Single - Likely",100,,17400,157,9657,10492.2,13572,40.716,271.44,"+1 (330) 748-0146","Laura M Harps",landline,Yes,"Minimal Usage","+1 (330) 748-4374","Laura M Harps",landline,Yes,"Light Usage","+1 (216) 337-0696","Laura M Harps",wireless,Yes,"Moderate Usage",,,,,,,,,,,,,,,,,,,,,,,,,,,,,,,,,,,,,,,,,,,,,,,,,,,,,,,,,,,,,,,,,,,,,,
"1553 E 221st St",Euclid,OH,44117,"Off Market, Cash Buyer, Free And Clear, High Equity, Senior Owner, Absentee Owner, Corporate Owner","The Cyril Tabor Irrevo Trust",,,"10685 Rockwood Dr",Willoughby,OH,44094,Male,194506,80,English,,100,,15000,157,8325,9045,11700,35.1,234,"+1 (904) 432-8565","Michael J Tabor",landline,Yes,"Minimal Usage","+1 (440) 256-3765","Steven L Tabor",landline,Yes,"No data available or no usage in the last 2 months","+1 (440) 942-7890","Steven L Tabor",landline,Yes,"Minimal Usage","+1 (440) 463-7067","Steven L Tabor",wireless,Yes,,,,,,,,,,,,,,,,,,,,,,,,,,,,,,,,,,,,,,,,,,,,,,,,,,,,,,,,,,,,,,,,,,
"26322 Cranage Rd","Olmsted Falls",OH,44138,"Off Market, Senior Owner","Robert Majsinger",,Majsinger,"26322 Cranage Rd","Olmsted Falls",OH,44138,Male,195403,71,,"Single - Likely",100,,41700,122,23143.5,25145.1,32526,97.578,650.52,"+1 (440) 235-3193","Robert A Majsinger",landline,Yes,"Minimal Usage",,,,,,,,,,,,,,,,,,,,,,,,,,,,,,,,,,,,,,,,,,,,,,,,,,,,,,,,,,,,,,,,,,,,,,,,,,,,,,,,
"3942 E 123rd St",Cleveland,OH,44105,"Off Market, Cash Buyer, Free And Clear, High Equity, Absentee Owner","Vernall & Flossie Robinson",,Robinson,"13303 Cranwood Park Blvd",Cleveland,OH,44125,,,,,,100,13000,58113,170,32252.715,35042.139,45328.14,135.98442,906.5628,"+1 (216) 341-8468","Ieisha M Davis",landline,No,"Minimal Usage","+1 (216) 820-8181","Ieisha M Davis",wireless,No,"No data available or no usage in the last 2 months",,,,,,,,,,,,,,,,,,,,,,,,,,,,,,,,,,,,,,,,,,,,,,,,,,,,,,,,,,,,,,,,,,,,,,,,,,,
"3525 E 114th St",Cleveland,OH,44105,"Off Market, Adjustable Loan, Cash Buyer, Out Of State Owner, Absentee Owner","Bridget D Perrin",,Perrin,"4205 Sunrise Trl",Atlanta,GA,30349,Female,197000,55,English,"Single - Likely",100,40000,7800,145,4329,4703.4,6084,18.252,121.68,"+1 (404) 846-9233","Bridget D Perrin",landline,Yes,"Minimal Usage","+1 (404) 824-9415","Bridget D Perrin",wireless,Yes,"No data available or no usage in the last 2 months",,,,,,,,,,,,,,,,,,,,,,,,,,,,,,,,,,,,,,,,,,,,,,,,,,,,,,,,,,,,,,,,,,,,,,,,,,,
"8907 Connecticut Ave",Cleveland,OH,44105,"Off Market, Cash Buyer, Free And Clear, High Equity, Senior Owner, Absentee Owner","Mary E Runyon",,Runyon,"8901 Connecticut Ave",Cleveland,OH,44105,Female,195908,66,English,"Married - Likely",100,12000,1600,186,888,964.8,1248,3.744,24.96,"+1 (216) 429-1143","Mary E Runyon",landline,Yes,"Minimal Usage","+1 (216) 632-2205","Mary E Runyon",wireless,Yes,"Moderate Usage","+1 (216) 205-4292","Gary E Runyon",landline,No,"No data available or no usage in the last 2 months","+1 (216) 429-1143","Gary E Runyon",landline,No,,,,,,,,,,,,,,,,,,,,,,,,,,,,,,,,,,,,,,,,,,,,,,,,,,,,,,,,,,,,,,,,,,
"9208 Booth Ave",Cleveland,OH,44105,"Off Market, Cash Buyer, Free And Clear, High Equity, Senior Owner, Absentee Owner","Stefanos Safos",,Safos,"2112 Northland Ave",Lakewood,OH,44107,Female,193802,87,Greek,,100,5000,5000,188,2775,3015,3900,11.7,78,"+1 (216) 221-4875","Stefanos Z Safos",landline,Yes,"Minimal Usage","+1 (216) 221-5333","Stefanos Z Safos",wireless,Yes,"Light Usage","+1 (216) 221-4875","Vasillios S Safos",landline,No,"No data available or no usage in the last 2 months","+1 (216) 221-4875","Garefalia S Safos",landline,No,,"+1 (216) 221-5333","Garefalia S Safos",wireless,No,,"+1 (216) 221-4875","Steve Z Safos",landline,No,,"+1 (216) 221-4875","Steve Z Safos",landline,No,,"+1 (216) 978-1778","Steve Z Safos",wireless,No,,,,,,,,,,,,,,,,,,,,,,,,,,,,,,,,,,,,,,,,,,,,,,
"4072 E 106th St",Cleveland,OH,44105,"Off Market, Absentee Owner","Jane E Smith",,Smith,"14135 Mustang Dr","Maple Heights",OH,44137,,,,,,100,,700,125,388.5,422.1,546,1.638,10.92,"+1 (216) 860-4308","Marion Dillard",landline,No,"Minimal Usage","+1 (216) 860-4308","Yolanda N Dillard",landline,No,"No data available or no usage in the last 2 months","+1 (216) 510-7103","Tamara S Caver",landline,No,"No data available or no usage in the last 2 months","+1 (216) 262-0341","Tamara S Caver",wireless,No,,"+1 (216) 283-0201","Raymond Caver III",landline,No,,"+1 (216) 510-7103","Raymond Caver III",landline,No,,"+1 (216) 262-0341","Raymond Caver III",wireless,No,,"+1 (216) 510-7103","Jon T Caver",landline,No,,,,,,,,,,,,,,,,,,,,,,,,,,,,,,,,,,,,,,,,,,,,,,
"507 Bassett Rd","Bay Village",OH,44140,"Off Market, Adjustable Loan, High Equity, Tired Landlord, Absentee Owner, Corporate Owner","Philip C ,  Trustee Armada",,Armada,"507 Bassett Rd","Bay Village",OH,44140,,,,,,76,,442836,115,245773.98,267030.108,345412.08,1036.23624,6908.2416,"+1 (440) 899-5192","Philip C Armada",landline,Yes,"Minimal Usage","+1 (216) 219-3310","Philip C Armada",wireless,Yes,"Moderate Usage","+1 (440) 835-1051","Philip C Armada",landline,Yes,"Minimal Usage",,,,,,,,,,,,,,,,,,,,,,,,,,,,,,,,,,,,,,,,,,,,,,,,,,,,,,,,,,,,,,,,,,,,,,
"9705 Easton Ave",Cleveland,OH,44104,"Off Market, Cash Buyer, Free And Clear, High Equity, Senior Owner, Absentee Owner","Barbara B Malloy",,Malloy,"9713 Easton Ave",Cleveland,OH,44104,Male,195007,75,English,"Married - Likely",100,3214,4300,157,2386.5,2592.9,3354,10.062,67.08,"+1 (216) 441-3191","Barbara B Malloy",landline,Yes,"Light Usage","+1 (330) 692-2743","Barbara B Malloy",wireless,Yes,"Light Usage","+1 (216) 577-0454","Barbara B Malloy",wireless,Yes,"Moderate Usage","+1 (216) 577-0454","Klaus D Williams",wireless,No,,"+1 (216) 441-3277","Klaus D Williams",landline,No,,,,,,,,,,,,,,,,,,,,,,,,,,,,,,,,,,,,,,,,,,,,,,,,,,,,,,,,,,,,,
"23300 Westwood Rd",Westlake,OH,44145,"Off Market, High Equity","Dan Izuka",,Izuka,"23300 Westwood Rd",Westlake,OH,44145,,,,,,87,16000,360042,137,199823.31,217105.326,280832.76,842.49828,5616.6552,"+1 (440) 734-5777","Daniel K Izuka",landline,No,"Light Usage","+1 (440) 821-3256","Daniel K Izuka",wireless,No,"Light Usage","+1 (440) 801-9061","Daniel K Izuka",landline,No,"No data available or no usage in the last 2 months","+1 (440) 734-5777","Haydee K Izuka",landline,No,,"+1 (440) 821-7056","Haydee K Izuka",wireless,No,,"+1 (440) 801-9061","Haydee K Izuka",landline,No,,,,,,,,,,,,,,,,,,,,,,,,,,,,,,,,,,,,,,,,,,,,,,,,,,,,,,,,
"2945 E 81st St",Cleveland,OH,44104,"Off Market, Cash Buyer, Free And Clear, High Equity, Senior Owner, Absentee Owner","Collette M Jones",,Jones,"5370 Brainard Rd",Solon,OH,44139,Female,195909,66,English,"Single - Likely",100,,2200,156,1221,1326.6,1716,5.148,34.32,"+1 (440) 318-1796","Collette M Jones",landline,Yes,"Minimal Usage","+1 (440) 498-2149","Collette M Jones",landline,Yes,"Minimal Usage","+1 (216) 389-1953","Collette M Jones",wireless,Yes,"Minimal Usage",,,,,,,,,,,,,,,,,,,,,,,,,,,,,,,,,,,,,,,,,,,,,,,,,,,,,,,,,,,,,,,,,,,,,,
"2743 Mccurdy Ave",Cleveland,OH,44104,"Off Market, Cash Buyer, High Equity, Tax Delinquent, Absentee Owner","Maize Arendsee",,Arendsee,"9318 Buckeye Rd",Cleveland,OH,44104,,,,,,100,12000,500,170,277.5,301.5,390,1.17,7.8,"+1 (850) 391-0663","Jennifer E Kaplan",landline,No,"Minimal Usage","+1 (216) 417-6778","Jennifer E Kaplan",landline,No,"Minimal Usage",,,,,,,,,,,,,,,,,,,,,,,,,,,,,,,,,,,,,,,,,,,,,,,,,,,,,,,,,,,,,,,,,,,,,,,,,,,
"4240 E 162nd St",Cleveland,OH,44128,"Off Market, Cash Buyer, Free And Clear, High Equity, Senior Owner, Absentee Owner","Janis E Adams",,Adams,"4236 E 162nd St",Cleveland,OH,44128,Female,194304,82,English,"Single - Likely",100,3500,11200,158,6216,6753.6,8736,26.208,174.72,"+1 (216) 561-8456","Janis E Adams",landline,Yes,"Minimal Usage","+1 (216) 375-2413","Janis E Adams",wireless,Yes,"Minimal Usage",,,,,,,,,,,,,,,,,,,,,,,,,,,,,,,,,,,,,,,,,,,,,,,,,,,,,,,,,,,,,,,,,,,,,,,,,,,
"1044 E 145th St",Cleveland,OH,44110,"Off Market, Free And Clear, High Equity, Absentee Owner","Anita Briscoe",,Briscoe,"1048 E 145th St",Cleveland,OH,44110,,,,,,100,1491,1300,140,721.5,783.9,1014,3.042,20.28,"+1 (440) 730-3035","Marvin E Ward",landline,No,"Minimal Usage","+1 (216) 544-7796","Barbara J Ward",wireless,No,"Minimal Usage","+1 (440) 730-3035","Barbara J Ward",landline,No,"No data available or no usage in the last 2 months",,,,,,,,,,,,,,,,,,,,,,,,,,,,,,,,,,,,,,,,,,,,,,,,,,,,,,,,,,,,,,,,,,,,,,
"2261 E 85th St",Cleveland,OH,44106,"Off Market, Cash Buyer, Free And Clear, High Equity, Senior Owner, Absentee Owner","Aldora Webb",,Webb,"4732 E 90th St",Cleveland,OH,44125,,,,,,100,,1200,150,666,723.6,936,2.808,18.72,"+1 (216) 271-7533","Dalinka A Payton",landline,No,"Minimal Usage","+1 (216) 906-3578","Dalinka A Payton",wireless,No,"Moderate Usage","+1 (216) 235-0015","Dalinka A Payton",wireless,No,"Light Usage","+1 (216) 271-7533","Michael B Payton",landline,No,,"+1 (216) 271-7533","Michael Payton",landline,No,,"+1 (216) 235-0015","Michael Payton",wireless,No,,"+1 (216) 271-7533","Nathan A Payton",landline,No,,,,,,,,,,,,,,,,,,,,,,,,,,,,,,,,,,,,,,,,,,,,,,,,,,,
"12517 Gruss Ave",Cleveland,OH,44108,"Off Market, Free And Clear, High Equity, Senior Owner, Absentee Owner","Calvin. Reaves",,Reaves,"12515 Gruss Ave",Cleveland,OH,44108,Male,194202,83,English,"Married - Likely",100,1000,1500,158,832.5,904.5,1170,3.51,23.4,"+1 (216) 851-4311","Calvin J Reaves",landline,Yes,"Light Usage","+1 (216) 851-4311","Bobbie J Reaves",landline,No,"No data available or no usage in the last 2 months",,,,,,,,,,,,,,,,,,,,,,,,,,,,,,,,,,,,,,,,,,,,,,,,,,,,,,,,,,,,,,,,,,,,,,,,,,,
"7711 Sagamore Ave",Cleveland,OH,44103,"Off Market, Free And Clear, High Equity, Senior Owner, Absentee Owner","Wanda J Bailey",,Bailey,"7707 Sagamore Ave",Cleveland,OH,44103,Female,195709,68,English,"Single - Likely",100,,9800,156,5439,5909.4,7644,22.932,152.88,"+1 (216) 391-2812","Wanda J Bailey",landline,Yes,"Light Usage","+1 (216) 541-6101","Wanda J Bailey",landline,Yes,"Minimal Usage","+1 (216) 253-4751","Wanda J Bailey",wireless,Yes,"Light Usage","+1 (216) 541-6101","Toronto D Bailey",landline,No,,,,,,,,,,,,,,,,,,,,,,,,,,,,,,,,,,,,,,,,,,,,,,,,,,,,,,,,,,,,,,,,,,
"11705 Tuscora Ave",Cleveland,OH,44108,"Off Market, Free And Clear, High Equity, Senior Owner, Absentee Owner","Deborah Harden",,Harden,"11801 Tuscora Ave",Cleveland,OH,44108,Female,195202,73,English,"Married - Likely",100,,1100,157,610.5,663.3,858,2.574,17.16,"+1 (216) 862-7176","Deborah J Harden",landline,Yes,"Moderate Usage","+1 (216) 956-8071","Lawrence E Harden",wireless,No,"Moderate Usage","+1 (216) 456-5880","Lawrence E Harden",wireless,No,"Moderate Usage","+1 (216) 862-7176","Lawrence E Harden",landline,No,,,,,,,,,,,,,,,,,,,,,,,,,,,,,,,,,,,,,,,,,,,,,,,,,,,,,,,,,,,,,,,,,,
"877 E 141st St",Cleveland,OH,44110,"Off Market, Cash Buyer, Free And Clear, High Equity, Senior Owner, Absentee Owner","Mable D Kirk",,Kirk,"13708 Saybrook Ave","Garfield Heights",OH,44105,Female,194504,80,English,"Married - Likely",100,22900,8200,188,4551,4944.6,6396,19.188,127.92,"+1 (216) 581-7845","Mable D Kirk",landline,Yes,"Minimal Usage","+1 (330) 405-6630","Mable D Kirk",landline,Yes,"No data available or no usage in the last 2 months","+1 (216) 313-3075","Edward M Kirk",wireless,No,"Minimal Usage","+1 (216) 581-7845","Edward M Kirk",landline,No,,"+1 (216) 510-4373","Edward M Kirk",landline,No,,"+1 (330) 405-6630","Tracie S Kirk",landline,No,,"+1 (216) 258-2041","Nickalous H Osborne",wireless,No,,"+1 (216) 451-2116","Nickalous H Osborne",landline,No,,"+1 (216) 856-4726","Diamond S Martin",wireless,No,,,,,,,,,,,,,,,,,,,,,,,,,,,,,,,,,,,,,,,,,
"1761 E 32nd St",Cleveland,OH,44114,"Off Market, Cash Buyer, Free And Clear, High Equity, Absentee Owner","Micheal Archacki",,Archacki,"1770 E 33rd St",Cleveland,OH,44114,,,,,,100,8000,7400,170,4107,4462.2,5772,17.316,115.44,"+1 (216) 687-1630","Michael J Archacki",landline,No,"Light Usage","+1 (216) 647-5938","Michael J Archacki",wireless,No,"Light Usage","+1 (216) 647-5935","Michael J Archacki",wireless,No,"No data available or no usage in the last 2 months","+1 (216) 687-1630","Corinna M Archacki",landline,No,,"+1 (216) 241-2406","Corinna M Archacki",landline,No,,"+1 (216) 687-1630","Angela Archacki",landline,No,,"+1 (216) 241-2406","Angela Archacki",landline,No,,,,,,,,,,,,,,,,,,,,,,,,,,,,,,,,,,,,,,,,,,,,,,,,,,,
"7510 Melrose Ave",Cleveland,OH,44103,"Off Market, Free And Clear, High Equity, Senior Owner, Absentee Owner","Lindale Rudolph",,Rudolph,"7506 Melrose Ave",Cleveland,OH,44103,Male,194709,78,English,"Married - Likely",100,1686,1900,157,1054.5,1145.7,1482,4.446,29.64,"+1 (216) 881-4331","Lindale Rudolph",landline,Yes,"Minimal Usage","+1 (216) 361-6425","Gloria G Rudolph",landline,No,"Light Usage","+1 (216) 410-7510","Gloria G Rudolph",wireless,No,"Minimal Usage","+1 (216) 881-4331","Gloria G Rudolph",landline,No,,,,,,,,,,,,,,,,,,,,,,,,,,,,,,,,,,,,,,,,,,,,,,,,,,,,,,,,,,,,,,,,,,
"7519 Linwood Ave",Cleveland,OH,44103,"Off Market, Free And Clear, High Equity, Senior Owner, Absentee Owner","Plaze M Hill",,Hill,"7513 Linwood Ave",Cleveland,OH,44103,Male,193701,88,English,"Married - Likely",100,,13400,158,7437,8080.2,10452,31.356,209.04,"+1 (216) 431-0423","Plaze M Hill",landline,Yes,"Light Usage","+1 (216) 352-8852","Gregory A Hill",wireless,No,"Light Usage","+1 (216) 431-0423","Gregory A Hill",landline,No,"No data available or no usage in the last 2 months","+1 (216) 820-3009","Gregory A Hill",wireless,No,,"+1 (216) 237-1808","Briana C Hill",wireless,No,,"+1 (216) 431-0423","Anson J Hill",landline,No,,,,,,,,,,,,,,,,,,,,,,,,,,,,,,,,,,,,,,,,,,,,,,,,,,,,,,,,
"1483 E 71st St",Cleveland,OH,44103,"Off Market, Cash Buyer, Free And Clear, High Equity, Senior Owner, Absentee Owner","Eddie Steward",,Steward,"12913 Gay Ave",Cleveland,OH,44105,Male,192510,100,,"Married - Likely",100,,3900,160,2164.5,2351.7,3042,9.126,60.84,"+1 (216) 751-3807","Eddie C Steward",landline,Yes,"Light Usage","+1 (216) 858-9002","Norman N Lightner",wireless,No,"No data available or no usage in the last 2 months",,,,,,,,,,,,,,,,,,,,,,,,,,,,,,,,,,,,,,,,,,,,,,,,,,,,,,,,,,,,,,,,,,,,,,,,,,,
"6308 Dibble Ave",Cleveland,OH,44103,"Off Market, Free And Clear, High Equity, Absentee Owner","Dmitry Yazhin",,Yazhin,"29235 Edgedale Rd",Cleveland,OH,44124,,,,,,100,15000,1300,170,721.5,783.9,1014,3.042,20.28,"+1 (216) 342-5488","Sarah Y Reimer",landline,No,"Minimal Usage","+1 (216) 295-8065","Sarah Y Reimer",landline,No,"No data available or no usage in the last 2 months","+1 (216) 342-5488","Andrew B Reimer",landline,No,"No data available or no usage in the last 2 months","+1 (216) 659-1466","Andrew B Reimer",wireless,No,,"+1 (216) 295-8065","Andrew B Reimer",landline,No,,,,,,,,,,,,,,,,,,,,,,,,,,,,,,,,,,,,,,,,,,,,,,,,,,,,,,,,,,,,,
"3118 W 84th St",Cleveland,OH,44102,"Off Market, Cash Buyer, Free And Clear, High Equity, Absentee Owner","Maribel Garcia",,Garcia,"3116 W 84th St",Cleveland,OH,44102,Female,196812,57,Spanish,"Married - Likely",100,8600,1800,175,999,1085.4,1404,4.212,28.08,"+1 (863) 859-3211","Maribel T Garcia",landline,Yes,"Minimal Usage",,,,,,"+1 (216) 651-5879","Roberto A Maysonet",landline,No,"No data available or no usage in the last 2 months",,,,,,,,,,,,,,,,,,,,,,,,,,,,,,,,,,,,,,,,,,,,,,,,,,,,,,,,,,,,,,,,,,,,,,
"7316 Lawn Ave",Cleveland,OH,44102,"Off Market, Cash Buyer, Free And Clear, High Equity, Senior Owner, Absentee Owner","Altagracia Gil",,Gil,"7320 Lawn Ave",Cleveland,OH,44102,Female,194310,82,Spanish,"Married - Likely",100,10000,1300,188,721.5,783.9,1014,3.042,20.28,"+1 (281) 446-3867","Altagracia L Rodriguez",landline,Yes,"Minimal Usage","+1 (216) 991-2844","Alexandria C Galloway",landline,No,"Moderate Usage","+1 (216) 507-4660","Alexandria C Galloway",wireless,No,"No data available or no usage in the last 2 months","+1 (216) 295-0642","Alexandria C Galloway",landline,No,,"+1 (216) 991-2844","Lourdes C Galloway",landline,No,,"+1 (216) 651-0674","Lourdes C Galloway",landline,No,,"+1 (216) 295-0642","Lourdes C Galloway",landline,No,,,,,,,,,,,,,,,,,,,,,,,,,,,,,,,,,,,,,,,,,,,,,,,,,,,
"7717 Guthrie Ave",Cleveland,OH,44102,"Off Market, Cash Buyer, High Equity, Tax Delinquent, Absentee Owner","Linda F Cramer",,Cramer,"7713 Guthrie Ave",Cleveland,OH,44102,,,,,,100,,1300,140,721.5,783.9,1014,3.042,20.28,"+1 (216) 961-8004","Christina L Cramer",landline,No,"Minimal Usage","+1 (216) 650-1456","Christina L Cramer",wireless,No,"Light Usage","+1 (216) 631-8139","Christina L Cramer",landline,No,"No data available or no usage in the last 2 months",,,,,,,,,,,,,,,,,,,,,,,,,,,,,,,,,,,,,,,,,,,,,,,,,,,,,,,,,,,,,,,,,,,,,,
"1055 Holmden Ave",Cleveland,OH,44109,"Expired Listing, Free And Clear, High Equity, Absentee Owner, Corporate Owner","Mjr Investment Enterprise LLC",,,"1055 Holmden Ave",Cleveland,OH,44109,Female,199110,34,,"Single - Likely",100,82000,258674,147,143564.07,155980.422,201765.72,605.29716,4035.3144,"+1 (440) 202-7162","Kenyatta Crisp",landline,Yes,"Minimal Usage","+1 (440) 941-5314","Kenyatta Crisp",landline,Yes,"Minimal Usage",,,,,,,,,,,,,,,,,,,,,,,,,,,,,,,,,,,,,,,,,,,,,,,,,,,,,,,,,,,,,,,,,,,,,,,,,,,
"5903 Ellen Ave",Cleveland,OH,44102,"Off Market, Cash Buyer, Free And Clear, High Equity, Senior Owner","Janice Watkins",,Watkins,"5903 Ellen Ave",Cleveland,OH,44102,Female,194602,79,English,"Single - Likely",100,9500,141938,167,78775.59,85588.614,110711.64,332.13492,2214.2328,"+1 (216) 961-4561","Janice Owens",landline,Yes,"Minimal Usage","+1 (216) 259-4706","Jacob W Love",wireless,No,"Minimal Usage","+1 (216) 414-1391","Jacob W Love",wireless,No,"Minimal Usage","+1 (407) 673-2435","Jacob W Love",landline,No,,"+1 (216) 551-4166","Kevon T Haislah",landline,No,,,,,,,,,,,,,,,,,,,,,,,,,,,,,,,,,,,,,,,,,,,,,,,,,,,,,,,,,,,,,
"5547 Garden St","Maple Heights",OH,44137,"Off Market, Cash Buyer, Free And Clear, High Equity, Senior Owner, Tired Landlord, Absentee Owner, Vacant Home","Timothy J Lelii",,Lelii,"5541 Garden St","Maple Heights",OH,44137,Female,194908,76,,"Married - Likely",100,10000,85135,187,47249.925,51336.405,66405.3,199.2159,1328.106,"+1 (216) 663-7028","Timothy J Lelii",landline,Yes,"Light Usage","+1 (216) 663-7028","Joann K Lelii",landline,No,"No data available or no usage in the last 2 months",,,,,,,,,,,,,,,,,,,,,,,,,,,,,,,,,,,,,,,,,,,,,,,,,,,,,,,,,,,,,,,,,,,,,,,,,,,
"6291 Dunham Rd","Maple Heights",OH,44137,"Off Market, Cash Buyer, Free And Clear, High Equity, Senior Owner, Absentee Owner","Paulette E Zarlino",,Zarlino,"15201 Woodbrook Ave","Maple Heights",OH,44137,Female,195612,69,English,"Single - Likely",100,1200,1500,156,832.5,904.5,1170,3.51,23.4,"+1 (216) 581-3439","Paulette E Zarlino",landline,Yes,"Moderate Usage","+1 (216) 789-3439","Paulette E Zarlino",wireless,Yes,"Moderate Usage","+1 (216) 581-3146","Paulette E Zarlino",landline,Yes,"Minimal Usage",,,,,,,,,,,,,,,,,,,,,,,,,,,,,,,,,,,,,,,,,,,,,,,,,,,,,,,,,,,,,,,,,,,,,,
"6301 Dunham Rd","Maple Heights",OH,44137,"Off Market, Cash Buyer, Free And Clear, High Equity, Absentee Owner","Zarleno E Paulette",,Paulette,"15201 Woodbrook Ave","Maple Heights",OH,44137,,,,,,100,,3700,140,2053.5,2231.1,2886,8.658,57.72,"+1 (216) 581-3439","Paulette E Zarlino",landline,No,"Moderate Usage","+1 (216) 789-3439","Paulette E Zarlino",wireless,No,"Moderate Usage","+1 (216) 581-3146","Paulette E Zarlino",landline,No,"Minimal Usage",,,,,,,,,,,,,,,,,,,,,,,,,,,,,,,,,,,,,,,,,,,,,,,,,,,,,,,,,,,,,,,,,,,,,,
"4778 Farnhurst Rd",Cleveland,OH,44124,"Off Market, Free And Clear, High Equity","Michael P Bunnell",,Bunnell,"4778 Farnhurst Rd",Cleveland,OH,44124,Male,196209,63,English,"Married - Likely",100,,14500,126,8047.5,8743.5,11310,33.93,226.2,"+1 (216) 382-2967","Michael P Bunnell",landline,Yes,"Minimal Usage","+1 (216) 382-2967","Leah M Bunnell",landline,No,"No data available or no usage in the last 2 months","+1 (440) 341-4273","Frances A Pasternak",wireless,No,"No data available or no usage in the last 2 months","+1 (440) 382-2967","Beverly A Pasternak",wireless,No,,,,,,,,,,,,,,,,,,,,,,,,,,,,,,,,,,,,,,,,,,,,,,,,,,,,,,,,,,,,,,,,,,
"906 Ravine Dr",Cleveland,OH,44112,"Off Market, Cash Buyer, Free And Clear, High Equity, Senior Owner, Absentee Owner","Olivia Stevens",,Stevens,"912 Ravine Dr",Cleveland,OH,44112,Female,194401,81,English,"Married - Likely",100,,1700,158,943.5,1025.1,1326,3.978,26.52,"+1 (216) 862-4456","Olivia D Stevens",landline,Yes,"Minimal Usage","+1 (216) 862-1281","Olivia D Stevens",landline,Yes,"Minimal Usage","+1 (216) 465-2980","Olivia D Stevens",landline,Yes,"Minimal Usage","+1 (216) 862-1281","Phillip D Stevens",landline,No,,"+1 (216) 249-5799","Andre L Stevens",landline,No,,"+1 (216) 374-7207","Andre L Stevens",wireless,No,,"+1 (216) 862-1281","Andre L Stevens",landline,No,,"+1 (520) 251-9987","Deanna Abrams",landline,No,,"+1 (678) 475-7006","Deanna Abrams",landline,No,,"+1 (520) 858-0356","Deanna Abrams",landline,No,,,,,,,,,,,,,,,,,,,,,,,,,,,,,,,,,,,,
"4494 Emerson Rd",Cleveland,OH,44121,"Off Market, Cash Buyer, Free And Clear, High Equity, Absentee Owner","Christopher M Ford",,Ford,"4490 Emerson Rd",Cleveland,OH,44121,,,,,,100,5250,1700,170,943.5,1025.1,1326,3.978,26.52,"+1 (216) 382-7819","Donna J Ford",landline,No,"Minimal Usage",,,,,,,,,,,,,,,,,,,,,,,,,,,,,,,,,,,,,,,,,,,,,,,,,,,,,,,,,,,,,,,,,,,,,,,,,,,,,,,,
"704 E 240th St",Euclid,OH,44123,"Off Market, Cash Buyer, Free And Clear, High Equity, Senior Owner, Absentee Owner","Mary Harrell",,Harrell,"700 E 240th St",Euclid,OH,44123,Female,194304,82,English,,100,,8700,158,4828.5,5246.1,6786,20.358,135.72,"+1 (216) 261-3083","Mary E Harrell",landline,Yes,"Minimal Usage","+1 (216) 548-8987","Mary E Harrell",wireless,Yes,"Light Usage",,,,,,,,,,,,,,,,,,,,,,,,,,,,,,,,,,,,,,,,,,,,,,,,,,,,,,,,,,,,,,,,,,,,,,,,,,,
"13500 Svec Ave",Cleveland,OH,44120,"Off Market, Cash Buyer, Free And Clear, High Equity, Absentee Owner","Martin Spencer-bey",,Spencer-bey,"13504 Svec Ave",Cleveland,OH,44120,Male,196011,65,English,,100,9200,9000,176,4995,5427,7020,21.06,140.4,"+1 (216) 991-7468","Martin S Spencerbey",landline,Yes,"Minimal Usage","+1 (216) 410-1319","Martin S Spencerbey",wireless,Yes,"Moderate Usage","+1 (614) 517-8485","Acquella R Talbott",wireless,No,"No data available or no usage in the last 2 months",,,,,,,,,,,,,,,,,,,,,,,,,,,,,,,,,,,,,,,,,,,,,,,,,,,,,,,,,,,,,,,,,,,,,,
"3568 E 133rd St",Cleveland,OH,44120,"Off Market, Free And Clear, High Equity, Absentee Owner","Jacqueline Y Beale",,Beale,"3705 Pennington Rd",Cleveland,OH,44120,,,,,,100,,1700,140,943.5,1025.1,1326,3.978,26.52,"+1 (216) 491-1032","Vickie L Wilkerson",landline,No,"Light Usage","+1 (216) 313-5232","Vickie L Wilkerson",wireless,No,"Moderate Usage",,,,,,,,,,,,,,,,,,,,,,,,,,,,,,,,,,,,,,,,,,,,,,,,,,,,,,,,,,,,,,,,,,,,,,,,,,,
"9415 Miles Ave",Cleveland,OH,44105,"Off Market, Cash Buyer, Free And Clear, High Equity, Senior Owner, Absentee Owner, Corporate Owner","Sacred Trinity Missionary Baptist Church",,"Sacred Trinity Missionary Bapt","9503 Miles Ave",Cleveland,OH,44105,Female,193210,93,English,"Married - Likely",100,3930,1500,158,832.5,904.5,1170,3.51,23.4,"+1 (216) 921-0781","Sarah B Hugley",landline,Yes,"Light Usage","+1 (216) 751-8343","Sarah B Hugley",landline,Yes,"Moderate Usage",,,,,,,,,,,,,,,,,,,,,,,,,,,,,,,,,,,,,,,,,,,,,,,,,,,,,,,,,,,,,,,,,,,,,,,,,,,
"12009 Soika Ave",Cleveland,OH,44120,"Off Market, Cash Buyer, Free And Clear, High Equity, Senior Owner, Absentee Owner","Odis & Jeanette Campbell",,Campbell,"12005 Soika Ave",Cleveland,OH,44120,Female,195307,72,English,"Married - Likely",100,4000,1600,157,888,964.8,1248,3.744,24.96,"+1 (216) 921-8322","Odis L Campbell",landline,Yes,"Minimal Usage","+1 (216) 658-0132","Odis L Campbell",landline,Yes,"Moderate Usage","+1 (216) 283-0217","Odis L Campbell",landline,Yes,"No data available or no usage in the last 2 months",,,,,,,,,,,,,,,,,,,,,,,,,,,,,,,,,,,,,,,,,,,,,,,,,,,,,,,,,,,,,,,,,,,,,,
"12213 Parkhill Ave",Cleveland,OH,44120,"Off Market, Cash Buyer, Free And Clear, High Equity, Senior Owner, Absentee Owner","Daphne Logan",,Logan,"12209 Parkhill Ave",Cleveland,OH,44120,Female,194310,82,English,"Single - Likely",100,,1600,158,888,964.8,1248,3.744,24.96,"+1 (216) 791-0961","Daphne L Logan",landline,Yes,"Light Usage","+1 (216) 544-1283","Daphne L Logan",wireless,Yes,"Light Usage","+1 (216) 551-1134","Marques P Medley",wireless,No,"No data available or no usage in the last 2 months",,,,,,,,,,,,,,,,,,,,,,,,,,,,,,,,,,,,,,,,,,,,,,,,,,,,,,,,,,,,,,,,,,,,,,
"3857 E 140th St",Cleveland,OH,44128,"Off Market, Cash Buyer, Free And Clear, High Equity, Senior Owner, Absentee Owner","Charles W Smith",,Smith,"3853 E 140th St",Cleveland,OH,44128,Male,194802,77,,,100,,1500,157,832.5,904.5,1170,3.51,23.4,"+1 (216) 921-8753","Charles W Smith",landline,Yes,"Moderate Usage","+1 (216) 491-9045","Charles W Smith",landline,Yes,"Moderate Usage","+1 (216) 798-8738","Charles W Smith",wireless,Yes,"No data available or no usage in the last 2 months",,,,,,,,,,,,,,,,,,,,,,,,,,,,,,,,,,,,,,,,,,,,,,,,,,,,,,,,,,,,,,,,,,,,,,
"2930 E 123rd St",Cleveland,OH,44120,"Off Market, High Equity, Tax Delinquent, Absentee Owner","Eric Logan",,Logan,"3317 E 126th St",Cleveland,OH,44120,,,,,,100,,5600,140,3108,3376.8,4368,13.104,87.36,"+1 (216) 561-4261","Yvonne Logan",landline,No,"Moderate Usage",,,,,,,,,,,,,,,,,,,,,,,,,,,,,,,,,,,,,,,,,,,,,,,,,,,,,,,,,,,,,,,,,,,,,,,,,,,,,,,,
"10510 Lamontier Ave",Cleveland,OH,44104,"Off Market, Cash Buyer, Free And Clear, High Equity, Senior Owner, Absentee Owner","Elaine Brundidge",,Brundidge,"10009 Lamontier Ave",Cleveland,OH,44104,Female,195000,75,English,"Married - Likely",100,4000,600,157,333,361.8,468,1.404,9.36,"+1 (216) 231-7025","Elaine B Brundidge",landline,Yes,"Minimal Usage","+1 (216) 561-0320","Elaine B Brundidge",landline,Yes,"Light Usage","+1 (216) 374-5424","Elaine B Brundidge",wireless,Yes,"Moderate Usage",,,,,,,,,,,"+1 (216) 791-4643","Josephine M Perry",landline,No,,"+1 (440) 439-2431","Josephine M Perry",landline,No,,"+1 (216) 721-9634","Josephine M Perry",landline,No,,"+1 (216) 791-4643","Alfred L Perry",landline,No,,"+1 (440) 439-2431","Alfred L Perry",landline,No,,"+1 (216) 261-7631","Alfred L Perry",landline,No,,"+1 (216) 791-4643","Marguerite C Perry",landline,No,,"+1 (440) 439-2431","Marguerite C Perry",landline,No,,"+1 (216) 376-4689","Marguerite C Perry",wireless,No,,"+1 (216) 791-4643","Magarite C Perry",landline,No,,"+1 (440) 439-2431","Magarite C Perry",landline,No,,"+1 (216) 721-9634","Magarite C Perry",landline,No,
"9607 Anderson Ave",Cleveland,OH,44105,"Off Market, Cash Buyer, Free And Clear, High Equity, Senior Owner, Absentee Owner","Carol A Creel",,Creel,"5750 Elm Hill Dr",Solon,OH,44139,Female,194406,81,English,"Married - Likely",100,6500,1700,188,943.5,1025.1,1326,3.978,26.52,"+1 (440) 498-0279","Carol A Creel",landline,Yes,"Minimal Usage","+1 (216) 396-8934","Carol A Creel",wireless,Yes,"Heavy Usage",,,,,,,,,,,,,,,,,,,,,,,,,,,,,,,,,,,,,,,,,,,,,,,,,,,,,,,,,,,,,,,,,,,,,,,,,,,
"3388 E 110th St",Cleveland,OH,44104,"Off Market, Cash Buyer, Free And Clear, High Equity, Senior Owner, Absentee Owner","Eurene. Embry",,Embry,"3396 E 110th St",Cleveland,OH,44104,Female,193612,89,English,"Married - Likely",100,18700,5700,188,3163.5,3437.1,4446,13.338,88.92,"+1 (216) 641-2645","Eurene R Embry",landline,Yes,"Moderate Usage","+1 (216) 375-8418","Eurene R Embry",wireless,Yes,"Moderate Usage",,,,,,,,,,,,,,,,,,,,,,,,,,,,,,,,,,,,,,,,,,,,,,,,,,,,,,,,,,,,,,,,,,,,,,,,,,,
"16102 Biltmore Ave",Cleveland,OH,44128,"Off Market, Free And Clear, High Equity, Tired Landlord, Absentee Owner","Erma Mitchell",,Mitchell,"3774 Claridge Oval","University Heights",OH,44118,,,,,,100,55750,54225,152,30094.875,32697.675,42295.5,126.8865,845.91,"+1 (216) 721-3202","Mona M Rainwater",landline,No,"Minimal Usage","+1 (216) 502-7343","Mona M Rainwater",wireless,No,"Light Usage",,,,,,,,,,,,,,,,,,,,,,,,,,,,,,,,,,,,,,,,,,,,,,,,,,,,,,,,,,,,,,,,,,,,,,,,,,,
"3006 E 77th St",Cleveland,OH,44104,"Off Market, Free And Clear, High Equity, Senior Owner, Absentee Owner","Reginald Madgett",,Madgett,"10119 Gibson Ave",Cleveland,OH,44105,,,,,,100,,2200,150,1221,1326.6,1716,5.148,34.32,"+1 (216) 883-6521","Melvina Madgett",landline,No,"Minimal Usage","+1 (216) 272-6678","Melvina Madgett",wireless,No,"Minimal Usage",,,,,,,,,,,,,,,,,,,,,,,,,,,,,,,,,,,,,,,,,,,,,,,,,,,,,,,,,,,,,,,,,,,,,,,,,,,
"2986 E 77th St",Cleveland,OH,44104,"Off Market, Free And Clear, High Equity, Absentee Owner","James T Workman",,Workman,"3347 E 140th St",Cleveland,OH,44120,,,,,,100,3245,2100,140,1165.5,1266.3,1638,4.914,32.76,"+1 (216) 751-5389","Laverne Workman",landline,No,"Light Usage","+1 (216) 571-3567","Laverne Workman",wireless,No,"No data available or no usage in the last 2 months","+1 (216) 441-9847","Laverne Workman",landline,No,"No data available or no usage in the last 2 months",,,,,,,,,,,,,,,,,,,,,,,,,,,,,,,,,,,,,,,,,,,,,,,,,,,,,,,,,,,,,,,,,,,,,,
"3233 E 56th Pl",Cleveland,OH,44127,"Off Market, Cash Buyer, Free And Clear, High Equity, Senior Owner, Absentee Owner","Cheryl D Whitlow",,Whitlow,"3229 E 56th Pl",Cleveland,OH,44127,Female,195811,67,English,"Married - Likely",100,,1700,156,943.5,1025.1,1326,3.978,26.52,"+1 (216) 429-1863","Cheryl D Whitlow",landline,Yes,"Light Usage","+1 (216) 466-1635","Cheryl D Whitlow",wireless,Yes,"Heavy Usage",,,,,,,,,,,,,,,,,,,,,,,,,,,,,,,,,,,,,,,,,,,,,,,,,,,,,,,,,,,,,,,,,,,,,,,,,,,
"2239 E 84th St",Cleveland,OH,44103,"Off Market, High Equity, Absentee Owner","Takeeyia Fowlkes",,Fowlkes,"2005 Hillsboro Rd",Cleveland,OH,44112,Female,198002,45,,,100,7000,4900,174,2719.5,2954.7,3822,11.466,76.44,"+1 (216) 391-3973","Takeeyia L Fowlkes",landline,Yes,"Minimal Usage","+1 (216) 965-6648","Takeeyia L Fowlkes",wireless,Yes,"Heavy Usage","+1 (216) 391-3973","Takeeyia Fowlkes",landline,Yes,"No data available or no usage in the last 2 months","+1 (216) 965-6648","Takeeyia Fowlkes",wireless,Yes,,,,,,,"+1 (216) 571-1621","Tamaura M Fowlkes",wireless,No,,"+1 (330) 502-3544","Tamaura M Fowlkes",wireless,No,,,,,,,,,,,,,,,,,,,,,,,,,,,,,,,,,,,,,,,,,,,,,,,,,,,
"12009 Ablewhite Ave",Cleveland,OH,44108,"Off Market, Free And Clear, High Equity, Absentee Owner","Minnie. Doaty",,Doaty,"12005 Ablewhite Ave",Cleveland,OH,44108,,,,,,100,,5100,140,2830.5,3075.3,3978,11.934,79.56,"+1 (216) 249-2345","Minnie O Doaty",landline,Yes,"Heavy Usage","+1 (216) 225-1463","Cornel Doaty",wireless,No,"Heavy Usage","+1 (216) 249-2345","Cornel Doaty",landline,No,"No data available or no usage in the last 2 months",,,,,,,,,,,,,,,,,,,,,,,,,,,,,,,,,,,,,,,,,,,,,,,,,,,,,,,,,,,,,,,,,,,,,,
"695 E 162nd St",Cleveland,OH,44110,"Off Market, Adjustable Loan, Cash Buyer, Tax Delinquent, Senior Owner, Out Of State Owner, Absentee Owner","David N Imayeguahi",,Imayeguahi,"3125 Tibbett Ave Apt 10d",Bronx,NY,10463,Male,195604,69,,"Single - Likely",100,5000,13700,171,7603.5,8261.1,10686,32.058,213.72,"+1 (718) 432-0128","David N Imayeguahi",landline,Yes,"Minimal Usage","+1 (718) 219-1220","David N Imayeguahi",wireless,Yes,"Light Usage","+1 (718) 581-4396","David N Imayeguahi",wireless,Yes,"Light Usage","+1 (718) 432-0128","Sandi I Imayeguahi",landline,No,,"+1 (917) 656-0928","Sandi I Imayeguahi",wireless,No,,,,,,,,,,,,,,,,,,,,,,,,,,,,,,,,,,,,,,,,,,,,,,,,,,,,,,,,,,,,,
"819 Rudyard Rd",Cleveland,OH,44110,"Off Market, Absentee Owner","Deitra T Wynn",,Wynn,"3670 Mount Laurel Rd",Cleveland,OH,44121,Female,197310,52,English,"Married - Likely",100,54000,4800,142,2664,2894.4,3744,11.232,74.88,"+1 (216) 640-3460","Deitra T Wynn",landline,Yes,"Moderate Usage","+1 (216) 376-0861","Deitra T Wynn",wireless,Yes,"Light Usage","+1 (216) 640-3460","Calvin L Shields",landline,No,"No data available or no usage in the last 2 months",,,,,,,,,,,,,,,,,,,,,,,,,,,,,,,,,,,,,,,,,,,,,,,,,,,,,,,,,,,,,,,,,,,,,,
"2576 E 84th St",Cleveland,OH,44104,"Off Market, Cash Buyer, Free And Clear, High Equity, Senior Owner, Absentee Owner","Linda C Thomas-lee",,Thomas-lee,"14712 Onaway Rd",Cleveland,OH,44120,Female,195205,73,English,"Single - Likely",100,,3300,157,1831.5,1989.9,2574,7.722,51.48,"+1 (216) 283-4052","Linda T Lee",landline,Yes,"Moderate Usage",,,,,,,,,,,,,,,,,,,,,,,,,,,,,,,,,,,,,,,,,,,,,,,,,,,,,,,,,,,,,,,,,,,,,,,,,,,,,,,,
"1442 Ansel Rd",Cleveland,OH,44106,"Off Market, Cash Buyer, Free And Clear, High Equity, Senior Owner, Absentee Owner","Cassandra Gibson",,Gibson,"594 E 106th St",Cleveland,OH,44108,Female,195210,73,English,"Married - Likely",100,,1300,157,721.5,783.9,1014,3.042,20.28,"+1 (216) 681-0067","Cassandra J Gibson",landline,Yes,"Minimal Usage","+1 (216) 287-5024","Cassandra J Gibson",wireless,Yes,"Moderate Usage","+1 (216) 235-8473","Cassandra J Gibson",wireless,Yes,"Moderate Usage","+1 (216) 681-0067","Matthew L Gibson",landline,No,,"+1 (216) 268-3473","Matthew L Gibson",landline,No,,"+1 (216) 352-7667","Jayson A Mills",wireless,No,,"+1 (440) 730-3423","Donald R Jordan",landline,No,,,,,,,,,,,,,,,,,,,,,,,,,,,,,,,,,,,,,,,,,,,,,,,,,,,
"10217 Flora Ave",Cleveland,OH,44108,"Off Market, Free And Clear, High Equity, Senior Owner, Absentee Owner","Patricia Fluker",,Fluker,"2017 Hilton Rd",Cleveland,OH,44112,Female,195403,71,English,"Single - Likely",100,2000,2700,157,1498.5,1628.1,2106,6.318,42.12,"+1 (216) 486-9734","Patricia A Page",landline,Yes,"Moderate Usage",,,,,,,,,,,,,,,,,,,,,,,,,,,,,,,,,,,,,,,,,,,,,,,,,,,,,,,,,,,,,,,,,,,,,,,,,,,,,,,,
"2251 E 90th St",Cleveland,OH,44106,"Off Market, Free And Clear, High Equity, Senior Owner, Absentee Owner","Patricia A Sparks",,Sparks,"2253 E 90th St",Cleveland,OH,44106,Female,195210,73,English,"Married - Likely",100,1124,1700,157,943.5,1025.1,1326,3.978,26.52,"+1 (216) 721-8975","Patricia A Sparks",landline,Yes,"Minimal Usage","+1 (216) 570-6553","Patricia A Sparks",wireless,Yes,"Moderate Usage",,,,,,,,,,,,,,,,,,,,,,,,,,,,,,,,,,,,,,,,,,,,,,,,,,,,,,,,,,,,,,,,,,,,,,,,,,,
"931 E 130th St",Cleveland,OH,44108,"Off Market, Cash Buyer, Free And Clear, High Equity, Senior Owner, Absentee Owner","Maryella Armstead",,Armstead,"927 E 130th St",Cleveland,OH,44108,Female,193704,88,English,"Single - Likely",100,,1500,158,832.5,904.5,1170,3.51,23.4,"+1 (216) 249-1332","Maryella E Armstead",landline,Yes,"Light Usage",,,,,,"+1 (404) 484-2888","Marcus J Cothran",wireless,No,"No data available or no usage in the last 2 months","+1 (678) 567-0038","Marcus J Cothran",landline,No,,,,,,,,,,,,,,,,,,,,,,,,,,,,,,,,,,,,,,,,,,,,,,,,,,,,,,,,,,,,,,,,,,
"470 E 109th St",Cleveland,OH,44108,"Off Market, Cash Buyer, Free And Clear, High Equity, Absentee Owner","Ruby L Newton",,Newton,"474 E 109th St",Cleveland,OH,44108,,,,,,100,12000,1700,170,943.5,1025.1,1326,3.978,26.52,"+1 (216) 249-4426","Ruby L Newton",landline,No,"Minimal Usage","+1 (216) 375-2126","Ruby L Newton",wireless,No,"Minimal Usage",,,,,,,,,,,,,,,,,,,,,,,,,,,,,,,,,,,,,,,,,,,,,,,,,,,,,,,,,,,,,,,,,,,,,,,,,,,
"6514 Wade Park Ave",Cleveland,OH,44103,"Off Market, Cash Buyer, Free And Clear, High Equity, Senior Owner, Absentee Owner","Robert. Williams",,Williams,"1437 E 93rd St",Cleveland,OH,44106,Male,195211,73,English,"Married - Likely",100,25000,3800,187,2109,2291.4,2964,8.892,59.28,"+1 (216) 721-4866","Robert L Williams",landline,Yes,"Minimal Usage","+1 (216) 262-8630","Robert L Williams",wireless,Yes,"No data available or no usage in the last 2 months","+1 (216) 854-0434","Robert L Williams",wireless,Yes,"Light Usage","+1 (216) 721-4866","Helen B Williams",landline,No,,"+1 (216) 904-5047","Edward M Williams",wireless,No,,,,,,,,,,,,,,,,,,,,,,,,,,,,,,,,,,,,,,,,,,,,,,,,,,,,,,,,,,,,,
"775 Thornhill Dr",Cleveland,OH,44108,"Off Market, High Equity, Senior Owner, Absentee Owner","Shirley & Olus Jones",,Jones,"771 Thornhill Dr",Cleveland,OH,44108,Female,193901,86,English,"Married - Likely",100,200,1800,158,999,1085.4,1404,4.212,28.08,"+1 (216) 681-3414","Shirley Y Jones",landline,Yes,"Moderate Usage",,,,,,,,,,,,,,,,,,,,,,,,,,,,,,,,,,,,,,,,,,,,,,,,,,,,,,,,,,,,,,,,,,,,,,,,,,,,,,,,
"882 Ansel Rd",Cleveland,OH,44103,"Off Market, Cash Buyer, Free And Clear, High Equity, Senior Owner, Absentee Owner","Renee Gaffney",,Gaffney,"886 Ansel Rd",Cleveland,OH,44103,Female,195708,68,English,"Single - Likely",100,1055,1700,156,943.5,1025.1,1326,3.978,26.52,"+1 (216) 391-1565","Renee Gaffney",landline,Yes,"Minimal Usage","+1 (216) 299-3822","Renee Gaffney",wireless,Yes,"Moderate Usage","+1 (330) 773-3373","Renee Gaffney",landline,Yes,"No data available or no usage in the last 2 months","+1 (216) 832-8092","Tangela A Gaffney",wireless,No,,"+1 (330) 773-3373","Tangela A Gaffney",landline,No,,"+1 (440) 695-8217","Markeyia J Hatchell",landline,No,,"+1 (216) 209-2833","Markeyia J Hatchell",wireless,No,,,,,,,,,,,,,,,,,,,,,,,,,,,,,,,,,,,,,,,,,,,,,,,,,,,
"3514 W 48th St",Cleveland,OH,44102,"Off Market, Cash Buyer, Free And Clear, High Equity, Senior Owner, Absentee Owner","Wan & Donna Li",,Li,"3518 W 48th St",Cleveland,OH,44102,Female,195704,68,English,"Single - Likely",100,9334,4600,186,2553,2773.8,3588,10.764,71.76,"+1 (216) 939-1412","Donna A Li",landline,Yes,"Moderate Usage","+1 (216) 331-3075","Donna A Li",landline,Yes,"Moderate Usage","+1 (216) 939-1412","Wan C Li",landline,Yes,"No data available or no usage in the last 2 months","+1 (216) 337-9197","Wan C Li",wireless,Yes,,"+1 (440) 752-9318","Derek L Kleinsmith",wireless,No,,"+1 (216) 832-3812","Taneisha N Smith",wireless,No,,"+1 (216) 772-5482","Taneisha N Smith",wireless,No,,"+1 (216) 331-1412","Taneisha N Smith",landline,No,,,,,,,,,,,,,,,,,,,,,,,,,,,,,,,,,,,,,,,,,,,,,,
"3131 W 54th St",Cleveland,OH,44102,"Off Market, Free And Clear, High Equity, Absentee Owner","Nancy L Cook",,Cook,"3135 W 54th St",Cleveland,OH,44102,,,,,,100,1600,2100,140,1165.5,1266.3,1638,4.914,32.76,"+1 (216) 631-8227","John L Cooke",landline,No,"Light Usage",,,,,,,,,,,,,,,,,,,,,,,,,,,,,,,,,,,,,,,,,,,,,,,,,,,,,,,,,,,,,,,,,,,,,,,,,,,,,,,,
"3126 W 12th St",Cleveland,OH,44109,"Off Market, Cash Buyer, Free And Clear, High Equity, Absentee Owner, Likely To Move","Dean Guernsey",,Guernsey,"1202 Rowley Ave",Cleveland,OH,44109,Male,195912,66,English,"Single - Likely",100,4900,19400,146,10767,11698.2,15132,45.396,302.64,"+1 (216) 781-1968","Dean W Guernsey",landline,Yes,"Minimal Usage","+1 (440) 209-1932","Dean W Guernsey",landline,Yes,"No data available or no usage in the last 2 months","+1 (440) 257-7500","Dean W Guernsey",landline,Yes,"No data available or no usage in the last 2 months",,,,,,,,,,,,,,,,,,,,,,,,,,,,,,,,,,,,,,,,,,,,,,,,,,,,,,,,,,,,,,,,,,,,,,
"1907 Rowley Ave",Cleveland,OH,44109,"Off Market, Cash Buyer, Free And Clear, High Equity, Senior Owner, Absentee Owner","Consuelo Maldonado",,Maldonado,"1817 Rowley Ave",Cleveland,OH,44109,Female,194811,77,Spanish,"Single - Likely",100,9039,1800,187,999,1085.4,1404,4.212,28.08,"+1 (216) 696-8249","Consuelo A Maldonado",landline,Yes,"Light Usage","+1 (216) 650-3727","Yanice M Maldonado",wireless,No,"No data available or no usage in the last 2 months","+1 (216) 392-4763","Yanice M Maldonado",wireless,No,"Light Usage","+1 (216) 696-8249","Yanice M Maldonado",landline,No,,,,,,,,,,,,,,,,,,,,,,,,,,,,,,,,,,,,,,,,,,,,,,,,,,,,,,,,,,,,,,,,,,
"2230 Althen Ave",Cleveland,OH,44109,"Off Market, Cash Buyer, Free And Clear, High Equity, Senior Owner, Absentee Owner","Juan Fuentes",,Fuentes,"3920 Carlyle Ave",Cleveland,OH,44109,Male,195407,71,Spanish,"Married - Likely",100,9900,1800,187,999,1085.4,1404,4.212,28.08,"+1 (216) 961-6357","Juan Fuentes",landline,Yes,"Minimal Usage","+1 (216) 912-8601","Juan Fuentes",landline,Yes,"Minimal Usage","+1 (216) 465-9770","Juan Fuentes",landline,Yes,"No data available or no usage in the last 2 months","+1 (716) 424-4758","Martha M Hernandez",wireless,No,,,,,,,,,,,,,,,,,,,,,,,,,,,,,,,,,,,,,,,,,,,,,,,,,,,,,,,,,,,,,,,,,,
"2650 W 41st St",Cleveland,OH,44113,"Off Market, Cash Buyer, Free And Clear, High Equity, Absentee Owner","Bruno Disiena",,Disiena,"2644 W 41st St",Cleveland,OH,44113,Male,197104,54,Italian,,100,33500,7400,160,4107,4462.2,5772,17.316,115.44,"+1 (216) 961-7087","Bruno Disiena",landline,Yes,"Moderate Usage","+1 (216) 313-7198","Bruno Disiena",wireless,Yes,"Moderate Usage","+1 (440) 582-1474","Bruno Disiena",landline,Yes,"Minimal Usage",,,,,,,,,,,,,,,,,,,,,,,,,,,,,,,,,,,,,,,,,,,,,,,,,,,,,,,,,,,,,,,,,,,,,,
"3137 W 70th St",Cleveland,OH,44102,"Off Market, Free And Clear, High Equity, Senior Owner, Absentee Owner","Alice J Irwin",,Irwin,"3139 W 70th St",Cleveland,OH,44102,Female,195210,73,English,"Single - Likely",100,1000,1300,157,721.5,783.9,1014,3.042,20.28,"+1 (216) 205-4344","Alice J Irwin",landline,Yes,"Minimal Usage","+1 (215) 836-5236","Alice J Irwin",landline,Yes,"Minimal Usage","+1 (216) 313-4037","Alice J Irwin",wireless,Yes,"No data available or no usage in the last 2 months","+1 (440) 842-5569","Christine S Hader",landline,No,,"+1 (216) 741-3866","Christine S Hader",landline,No,,"+1 (216) 848-6004","Jenifer L Williamson",wireless,No,,"+1 (216) 741-0242","Jenifer L Williamson",landline,No,,"+1 (216) 313-4037","Jenifer L Williamson",wireless,No,,,,,,,,,,,,,,,,,,,,,,,,,,,,,,,,,,,,,,,,,,,,,,
"2086 W 85th St",Cleveland,OH,44102,"Off Market, Cash Buyer, Free And Clear, High Equity, Absentee Owner","Marshall T Wyatt",,Wyatt,"2082 W 85th St",Cleveland,OH,44102,Male,196007,65,English,"Single - Likely",100,10000,6500,176,3607.5,3919.5,5070,15.21,101.4,"+1 (216) 666-1244","Marshall T Wyatt",landline,Yes,"Moderate Usage","+1 (216) 651-9310","Marshall T Wyatt",landline,Yes,"No data available or no usage in the last 2 months","+1 (216) 351-0926","James M Maher",landline,No,"No data available or no usage in the last 2 months",,,,,,,,,,,,,,,,,,,,,,,,,,,,,,,,,,,,,,,,,,,,,,,,,,,,,,,,,,,,,,,,,,,,,,
"8800 Tompkins Ave",Cleveland,OH,44102,"Off Market, Cash Buyer, Free And Clear, High Equity, Senior Owner, Absentee Owner","Steve J Griffie",,Griffie,"8804 Tompkins Ave",Cleveland,OH,44102,Male,194800,77,English,"Married - Likely",100,,1800,157,999,1085.4,1404,4.212,28.08,"+1 (216) 458-9207","Steve J Griffie",landline,Yes,"Minimal Usage","+1 (216) 938-9295","Steve J Griffie",landline,Yes,"Minimal Usage","+1 (216) 403-5635","Steve J Griffie",wireless,Yes,"Light Usage","+1 (216) 458-9207","William R Griffie",landline,No,,"+1 (216) 938-9295","William R Griffie",landline,No,,"+1 (216) 631-5468","William R Griffie",landline,No,,"+1 (216) 458-9207","Mary A Griffie",landline,No,,"+1 (216) 631-5468","Mary A Griffie",landline,No,,"+1 (216) 938-9295","Mary A Griffie",landline,No,,,,,,,,,,,,,,,,,,,,,,,,,,,,,,,,,,,,,,,,,
