"Property address","Property city","Property state","Property zip","Property flags","Owner name","Owner first name","Owner last name","Mailing address","Mailing city","Mailing state","Mailing zip",Gender,Mob,Age,"Language preference","Marital status","Equity percent","Last sale price","Estimated value","Lead score","Cash offer","Novation offer","Creative price offer","Monthly payment amount","Down payment amount","Phone number 1","Phone owner 1","Phone type 1","Likely owner 1","Phone usage 1","Phone number 2","Phone owner 2","Phone type 2","Likely owner 2","Phone usage 2","Phone number 3","Phone owner 3","Phone type 3","Likely owner 3","Phone usage 3","Phone number 4","Phone owner 4","Phone type 4","Likely owner 4","Phone usage 4","Phone number 5","Phone owner 5","Phone type 5","Likely owner 5","Phone usage 5","Phone number 6","Phone owner 6","Phone type 6","Likely owner 6","Phone usage 6","Phone number 7","Phone owner 7","Phone type 7","Likely owner 7","Phone usage 7","Phone number 8","Phone owner 8","Phone type 8","Likely owner 8","Phone usage 8","Phone number 9","Phone owner 9","Phone type 9","Likely owner 9","Phone usage 9","Phone number 10","Phone owner 10","Phone type 10","Likely owner 10","Phone usage 10","Phone number 11","Phone owner 11","Phone type 11","Likely owner 11","Phone usage 11","Phone number 12","Phone owner 12","Phone type 12","Likely owner 12","Phone usage 12","Phone number 13","Phone owner 13","Phone type 13","Likely owner 13","Phone usage 13","Phone number 14","Phone owner 14","Phone type 14","Likely owner 14","Phone usage 14","Phone number 15","Phone owner 15","Phone type 15","Likely owner 15","Phone usage 15","Phone number 16","Phone owner 16","Phone type 16","Likely owner 16","Phone usage 16","Phone number 17","Phone owner 17","Phone type 17","Likely owner 17","Phone usage 17"
"25849 Buckthorn Rd",Bedford,OH,44146,"MLS Pending, Tired Landlord, Absentee Owner","Ashley T Lomax",,Lomax,"25849 Buckthorn Rd",Bedford,OH,44146,Female,199602,29,English,"Single - Likely",25,43900,98808,62,54838.44,59581.224,77070.24,231.21072,1541.4048,"+1 (216) 956-6256","Ashley T Lomax",wireless,Yes,"Moderate Usage",,,,,,,,,,,,,,,,,,,,,,,,,,,,,,,,,,,,,,,,,,,,,,,,,,,,,,,,,,,,,,,,,,,,,,,,,,,,,,,,
"3678 Belmont Rd",Beachwood,OH,44122,"Off Market, Tax Delinquent, Absentee Owner","Clara P Smith",,Smith,"3696 Belmont Rd",Beachwood,OH,44122,,,,,,100,,9500,125,5272.5,5728.5,7410,22.23,148.2,"+1 (216) 894-1467","Johanne A Farris",wireless,No,"Light Usage","+1 (216) 464-0623","Johanne A Farris",landline,No,"No data available or no usage in the last 2 months","+1 (216) 352-8134","George R Rhymes",wireless,No,"No data available or no usage in the last 2 months","+1 (216) 464-0623","Johanne Farris",landline,No,,,,,,,,,,,,,,,,,,,,,,,,,,,,,,,,,,,,,,,,,,,,,,,,,,,,,,,,,,,,,,,,,,
"1855 Charles Rd",Cleveland,OH,44112,"Off Market, Cash Buyer, Free And Clear, High Equity, Absentee Owner","Stefanie Dickson",,Dickson,"1859 Charles Rd",Cleveland,OH,44112,Female,196209,63,English,"Married - Likely",100,,1500,146,832.5,904.5,1170,3.51,23.4,"+1 (216) 355-2392","Stefanie J Dickson",wireless,Yes,"Moderate Usage","+1 (216) 355-9087","Stefanie J Dickson",wireless,Yes,"Minimal Usage","+1 (216) 851-8510","Stefanie J Dickson",landline,Yes,"Light Usage","+1 (216) 624-2961","Alexia A Willmon",wireless,No,,"+1 (216) 659-5726","Alexia A Willmon",wireless,No,,"+1 (216) 253-0989","Jonathan M Turner",wireless,No,,,,,,,,,,,,,,,,,,,,,,,,,,,,,,,,,,,,,,,,,,,,,,,,,,,,,,,,
"22615 Felch St",Cleveland,OH,44128,"Off Market, Free And Clear, High Equity","Tracy Wilson",,Wilson,"22615 Felch St",Cleveland,OH,44128,Female,196510,60,English,"Single - Likely",100,13000,15900,156,8824.5,9587.7,12402,37.206,248.04,"+1 (216) 633-0635","Tracy Wilson",wireless,Yes,"Light Usage","+1 (412) 787-1835","Tracy Wilson",landline,Yes,"No data available or no usage in the last 2 months","+1 (440) 462-0936","Tracy Wilson",landline,Yes,"Minimal Usage","+1 (412) 787-1835","Xzavier S Wilson",landline,No,,"+1 (440) 462-0936","Xzavier S Wilson",landline,No,,"+1 (216) 632-7632","Jasmine B Wilson",wireless,No,,"+1 (412) 787-1835","Jasmine B Wilson",landline,No,,"+1 (440) 462-0936","Jasmine B Wilson",landline,No,,"+1 (216) 561-2659","Tyrone Williams",landline,No,,,,,,,,,,,,,,,,,,,,,,,,,,,,,,,,,,,,,,,,,
"2066 Deanwood St",Cleveland,OH,44112,"Off Market, Adjustable Loan, Absentee Owner","Jerrett & Kisha Skinner",,Skinner,"Deanwood St","East Cleveland",OH,44112,Male,197408,51,English,"Married - Likely",100,89900,5800,135,3219,3497.4,4524,13.572,90.48,"+1 (216) 832-6432","Jerrett D Skinner",wireless,Yes,"Moderate Usage","+1 (216) 751-5243","Jerrett D Skinner",landline,Yes,"No data available or no usage in the last 2 months","+1 (216) 751-5243","Kisha M Skinner",landline,Yes,"Light Usage","+1 (216) 375-9586","Kisha M Skinner",wireless,Yes,,"+1 (216) 268-4393","Kisha M Skinner",wireless,Yes,,"+1 (216) 609-6302","Jarai M Skinner",wireless,No,,"+1 (216) 751-5243","Ryan Skinner",landline,No,,"+1 (216) 309-8043","Ryan Skinner",wireless,No,,"+1 (216) 832-6432","Jarrette Price",wireless,No,,,,,,,,,,,,,,,,,,,,,,,,,,,,,,,,,,,,,,,,,
"32505 Jackson Rd","Chagrin Falls",OH,44022,"Off Market, Cash Buyer, Free And Clear, High Equity, Absentee Owner","Matthew & Tammy Friedman",,Friedman,"32605 Jackson Rd","Chagrin Falls",OH,44022,Male,196807,57,English,"Married - Likely",100,300000,128100,145,71095.5,77244.3,99918,299.754,1998.36,"+1 (216) 513-1800","Matthew S Friedman",wireless,Yes,"Moderate Usage","+1 (216) 292-8785","Matthew S Friedman",landline,Yes,"Minimal Usage","+1 (216) 342-4615","Matthew S Friedman",landline,Yes,"Light Usage","+1 (216) 292-8785","Tammy A Friedman",landline,Yes,,"+1 (513) 391-9206","Tammy A Friedman",wireless,Yes,,"+1 (216) 342-4615","Tammy A Friedman",landline,Yes,,"+1 (216) 342-4615","Drew E Friedman",landline,No,,"+1 (216) 403-8877","Drew E Friedman",wireless,No,,"+1 (216) 342-4615","Alex M Friedman",landline,No,,,,,,,,,,,,,,,,,,,,,,,,,,,,,,,,,,,,,,,,,
"6787 Cheryl Ann Dr","Seven Hills",OH,44131,"Off Market, Free And Clear, High Equity, Tired Landlord, Absentee Owner","Jeremy & Vivian Kuper",,Kuper,"6787 Cheryl Dr","Seven Hills",OH,44131,Male,198503,40,English,"Single - Likely",100,229500,404592,144,224548.56,243968.976,315581.76,946.74528,6311.6352,"+1 (440) 487-8853","Jeremy M Kuper",wireless,Yes,"Light Usage","+1 (216) 269-8204","Vivian J Ramirez",wireless,Yes,"No data available or no usage in the last 2 months",,,,,,,,,,,,,,,,,,,,,,,,,,,,,,,,,,,,,,,,,,,,,,,,,,,,,,,,,,,,,,,,,,,,,,,,,,,
"31 Milton St",Berea,OH,44017,"Off Market, Senior Owner","James M Thompson",,Thompson,"31 Milton St",Berea,OH,44017,Male,194412,81,English,"Married - Likely",59,181000,338262,82,187735.41,203971.986,263844.36,791.53308,5276.8872,"+1 (440) 525-1630","James M Thompson",wireless,Yes,"Minimal Usage","+1 (216) 355-3364","James M Thompson",wireless,Yes,"Moderate Usage","+1 (440) 653-3539","James M Thompson",wireless,Yes,"No data available or no usage in the last 2 months","+1 (216) 413-0230","Taylor N Brown",wireless,No,,,,,,,,,,,,,,,,,,,,,,,,,,,,,,,,,,,,,,,,,,,,,,,,,,,,,,,,,,,,,,,,,,
"9528 Fair Rd",Strongsville,OH,44149,"Off Market, Senior Owner","William & Jeannette Ryan",,Ryan,"9528 Fair Rd",Strongsville,OH,44149,Female,196412,61,,"Married - Likely",100,,37300,121,20701.5,22491.9,29094,87.282,581.88,"+1 (216) 269-2056","Jeannette A Ryan",wireless,Yes,"Light Usage","+1 (440) 973-4299","William Ryan",wireless,Yes,"Moderate Usage","+1 (440) 403-9286","William Ryan",landline,Yes,"No data available or no usage in the last 2 months",,,,,,,,,,,,,,,,,,,,,,,,,,,,,,,,,,,,,,,,,,,,,,,,,,,,,,,,,,,,,,,,,,,,,,
"2850 Wagar Rd","Rocky River",OH,44116,"Off Market, Adjustable Loan","Anne M Demanelis",,Demanelis,"2850 Wagar Rd","Rocky River",OH,44116,,,,,,100,117000,28500,105,15817.5,17185.5,22230,66.69,444.6,"+1 (216) 926-4292","Anne M Demanelis",wireless,Yes,"Moderate Usage","+1 (440) 333-6072","Anne M Demanelis",landline,Yes,"No data available or no usage in the last 2 months",,,,,,,,,,,,,,,,,,,,,,,,,,,,,,,,,,,,,,,,,,,,,,,,,,,,,,,,,,,,,,,,,,,,,,,,,,,
"27701 Blossom Blvd","North Olmsted",OH,44070,"Off Market, Free And Clear, High Equity, Senior Owner","Dennis P Dooley",,Dooley,"27701 Blossom Blvd","North Olmsted",OH,44070,Male,195210,73,English,"Married - Likely",100,,1100,137,610.5,663.3,858,2.574,17.16,"+1 (440) 554-9401","Dennis P Dooley",wireless,Yes,"Moderate Usage","+1 (440) 779-4254","Dennis P Dooley",landline,Yes,"No data available or no usage in the last 2 months","+1 (440) 641-1563","Dennis P Dooley",landline,Yes,"Minimal Usage","+1 (440) 779-4254","Janet L Dooley",landline,No,,,,,,,,,,,,,,,,,,,,,,,,,,,,,,,,,,,,,,,,,,,,,,,,,,,,,,,,,,,,,,,,,,
"31530 Lincoln Rd",Westlake,OH,44145,"Off Market, Cash Buyer, Free And Clear, High Equity, Senior Owner, Absentee Owner","Gerard Pizzuli",,Pizzuli,"5110 Torrington Ave",Cleveland,OH,44134,Male,195807,67,,"Married - Likely",100,76500,44700,166,24808.5,26954.1,34866,104.598,697.32,"+1 (216) 262-8314","Gerard G Pizzuli",wireless,Yes,"Minimal Usage","+1 (440) 899-0983","Gerard G Pizzuli",landline,Yes,"No data available or no usage in the last 2 months","+1 (440) 842-6656","Elma E Cancian",landline,No,"No data available or no usage in the last 2 months","+1 (440) 724-2940","Elma E Cancian",wireless,No,,,,,,,,,,,,,,,,,,,,,,,,,,,,,,,,,,,,,,,,,,,,,,,,,,,,,,,,,,,,,,,,,,
"9202 Cambridge Ave",Cleveland,OH,44105,"Off Market, Cash Buyer, Free And Clear, High Equity, Absentee Owner","Gregory Gamble",,Gamble,"3393 E 104th St",Cleveland,OH,44104,Male,196207,63,English,"Married - Likely",100,3500,900,146,499.5,542.7,702,2.106,14.04,"+1 (216) 316-1320","Gregory Gamble",wireless,Yes,"Moderate Usage","+1 (216) 662-8551","Gregory Gamble",landline,Yes,"No data available or no usage in the last 2 months","+1 (216) 415-0370","Valerie D Tate",wireless,No,"No data available or no usage in the last 2 months",,,,,,,,,,,,,,,,,,,,,,,,,,,,,,,,,,,,,,,,,,,,,,,,,,,,,,,,,,,,,,,,,,,,,,
"26394 Strawberry Ln",Westlake,OH,44145,"Off Market, Adjustable Loan, Tired Landlord, Absentee Owner","Nancy Corrigan & M. Thomas",,Corrigan,"17929 Larchwood Ave",Cleveland,OH,44135,Female,196307,62,English,"Married - Likely",51,80000,741347,92,411447.585,447032.241,578250.66,1734.75198,11565.0132,"+1 (216) 219-4169","Nancy E Corrigan",wireless,Yes,"Moderate Usage","+1 (216) 219-4169","Thomas M Corrigan",wireless,No,"Light Usage","+1 (440) 382-3621","Thomas M Corrigan",wireless,No,"Minimal Usage","+1 (216) 618-6593","Thomas M Corrigan",wireless,No,,"+1 (216) 671-1495","Michael J Corrigan",landline,No,,"+1 (216) 618-6593","Michael J Corrigan",wireless,No,,"+1 (440) 799-7162","Dominic J Campo",wireless,No,,,,,,,,,,,,,,,,,,,,,,,,,,,,,,,,,,,,,,,,,,,,,,,,,,,
"11810 Continental Ave",Cleveland,OH,44120,"Off Market, Free And Clear, High Equity, Senior Owner, Absentee Owner","Kathy L Harris",,Harris,"4226 Martin Luther King Jr Dr",Cleveland,OH,44105,Female,195810,67,English,"Single - Likely",100,39000,1800,171,999,1085.4,1404,4.212,28.08,"+1 (216) 570-1745","Kathy L Harris",wireless,Yes,"Moderate Usage","+1 (216) 441-3646","Kathy L Harris",landline,Yes,"Minimal Usage",,,,,,,,,,,,,,,,,,,,,,,,,,,,,,,,,,,,,,,,,,,,,,,,,,,,,,,,,,,,,,,,,,,,,,,,,,,
"4641 E 173rd St",Cleveland,OH,44128,"Off Market, Cash Buyer, High Equity, Tax Delinquent, Absentee Owner","Shawn White",,White,"17913 Harland Ave",Cleveland,OH,44119,Male,197010,55,English,"Single - Likely",100,,10000,145,5550,6030,7800,23.4,156,"+1 (216) 973-8459","Shawn White",wireless,Yes,"Moderate Usage","+1 (216) 990-7319","Shawn White",wireless,Yes,"No data available or no usage in the last 2 months","+1 (216) 481-7502","Shawn White",landline,Yes,"No data available or no usage in the last 2 months",,,,,,,,,,,,,,,,,,,,,,,,,,,,,,,,,,,,,,,,,,,,,,,,,,,,,,,,,,,,,,,,,,,,,,
"9111 Woodland Ave",Cleveland,OH,44104,"Off Market, Free And Clear, High Equity, Senior Owner","Linda Dobbins",,Dobbins,"9111 Woodland Ave",Cleveland,OH,44104,Female,194512,80,English,"Married - Likely",100,,70050,138,38877.75,42240.15,54639,163.917,1092.78,"+1 (216) 421-7204","Linda L Dobbins",wireless,Yes,"Moderate Usage","+1 (216) 695-8025","Linda L Dobbins",wireless,Yes,"Minimal Usage","+1 (216) 229-2787","William C Dobbins",landline,No,"No data available or no usage in the last 2 months","+1 (216) 229-2787","Josephine Grooms Dobbins",landline,No,,,,,,,,,,,,,,,,,,,,,,,,,,,,,,,,,,,,,,,,,,,,,,,,,,,,,,,,,,,,,,,,,,
"5036 Glazier Ave",Cleveland,OH,44127,"Off Market, Cash Buyer, Free And Clear, High Equity, Absentee Owner","Billy E Doss III",,Doss,"5040 Glazier Ave",Cleveland,OH,44127,,,,,,100,,1500,140,832.5,904.5,1170,3.51,23.4,"+1 (216) 309-4355","Kurstin A Slone",wireless,No,"Moderate Usage","+1 (216) 773-3276","Rochelle M Weiss",wireless,No,"No data available or no usage in the last 2 months",,,,,,,,,,,,,,,,,,,,,,,,,,,,,,,,,,,,,,,,,,,,,,,,,,,,,,,,,,,,,,,,,,,,,,,,,,,
"16209 Highview Dr",Cleveland,OH,44128,"Off Market, Free And Clear, High Equity, Senior Owner","Tanya Yancey",,Yancey,"16209 Highview Dr",Cleveland,OH,44128,Female,195900,66,English,,100,75500,10700,146,5938.5,6452.1,8346,25.038,166.92,"+1 (216) 816-5192","Tanya M Yancey",wireless,Yes,"Moderate Usage","+1 (216) 663-9520","Daryl J Yancey",landline,No,"Minimal Usage","+1 (216) 600-5361","Daryl J Yancey",landline,No,"No data available or no usage in the last 2 months",,,,,,,,,,,,,,,,,,,,,,,,,,,,,,,,,,,,,,,,,,,,,,,,,,,,,,,,,,,,,,,,,,,,,,
"3232 E 57th St",Cleveland,OH,44127,"Off Market, Cash Buyer, Free And Clear, High Equity, Absentee Owner","Billy Thomas",,Thomas,"3217 E 57th St",Cleveland,OH,44127,,,,,,100,20000,1700,170,943.5,1025.1,1326,3.978,26.52,"+1 (216) 324-8944","Albert C Thomas",wireless,No,"Moderate Usage","+1 (216) 925-9869","Jessica E Thomas",wireless,No,"No data available or no usage in the last 2 months","+1 (216) 258-2161","Anthony M Thomas",wireless,No,"No data available or no usage in the last 2 months",,,,,,,,,,,,,,,,,,,,,,,,,,,,,,,,,,,,,,,,,,,,,,,,,,,,,,,,,,,,,,,,,,,,,,
"1779 E 68th St",Cleveland,OH,44103,"Off Market, Cash Buyer, Free And Clear, High Equity, Absentee Owner","Angila Stepp",,Stepp,"1775 E 68th St",Cleveland,OH,44103,,,,,,100,640,1800,140,999,1085.4,1404,4.212,28.08,"+1 (216) 867-4184","Nathaniel W Stepp",wireless,No,"Light Usage","+1 (216) 361-5955","Nathaniel W Stepp",landline,No,"Light Usage",,,,,,,,,,,,,,,,,,,,,,,,,,,,,,,,,,,,,,,,,,,,,,,,,,,,,,,,,,,,,,,,,,,,,,,,,,,
"13001 Woodside Ave",Cleveland,OH,44108,"Off Market, Free And Clear, High Equity, Senior Owner","Audretta Claytor",,Claytor,"13001 Woodside Ave",Cleveland,OH,44108,Female,195106,74,English,,100,3800,35782,137,19859.01,21576.546,27909.96,83.72988,558.1992,"+1 (216) 681-5446","Audretta A Mitchell",wireless,Yes,"Light Usage","+1 (216) 450-0180","Audretta A Mitchell",wireless,Yes,"Light Usage","+1 (216) 326-4735","Benziretta K Mitchell",wireless,No,"Light Usage","+1 (216) 326-0754","Benziretta K Mitchell",wireless,No,,"+1 (216) 681-5446","Benziretta K Mitchell",wireless,No,,"+1 (216) 702-2484","Samuel K Mitchell",wireless,No,,"+1 (216) 394-3730","Marceal K Gaston",wireless,No,,"+1 (216) 825-1089","Marceal K Gaston",wireless,No,,"+1 (216) 396-8549","Marceal K Gaston",wireless,No,,"+1 (216) 681-5446","Juanita A Mitchell",wireless,No,,"+1 (216) 450-0180","Juanita A Mitchell",wireless,No,,,,,,,,,,,,,,,,,,,,,,,,,,,,,,,
"1112 E 113th St",Cleveland,OH,44108,"Off Market, Cash Buyer, Free And Clear, High Equity, Absentee Owner","Temika M Jackson",,Jackson,"1108 E 113th St",Cleveland,OH,44108,Female,198005,45,English,"Married - Likely",100,4000,1800,144,999,1085.4,1404,4.212,28.08,"+1 (216) 256-1209","Temika M Jackson",wireless,Yes,"Moderate Usage","+1 (216) 303-9312","Temika M Jackson",landline,Yes,"Minimal Usage","+1 (216) 862-7772","Temoni M Jackson",landline,No,"Minimal Usage","+1 (216) 681-6846","Temoni M Jackson",wireless,No,,"+1 (216) 303-9312","Temoni M Jackson",landline,No,,,,,,,,,,,,,,,,,,,,,,,,,,,,,,,,,,,,,,,,,,,,,,,,,,,,,,,,,,,,,
"1328 E 84th St",Cleveland,OH,44103,"Off Market, Cash Buyer, Free And Clear, High Equity, Senior Owner, Absentee Owner","Barbara & Ernestine Scott",,Scott,"17505 Tarkington Ave",Cleveland,OH,44128,Female,194808,77,English,"Married - Likely",100,,5100,157,2830.5,3075.3,3978,11.934,79.56,"+1 (216) 482-5688","Barbara A Scott",wireless,Yes,"Moderate Usage","+1 (216) 662-3684","Barbara A Scott",wireless,Yes,"No data available or no usage in the last 2 months","+1 (216) 662-3684","Carl A Scott",wireless,No,"No data available or no usage in the last 2 months","+1 (216) 482-6261","Carl A Scott",wireless,No,,,,,,,,,,,,,,,,,,,,,,,,,,,,,,,,,,,,,,,,,,,,,,,,,,,,,,,,,,,,,,,,,,
"8904 Esterbrook Ave",Cleveland,OH,44108,"Off Market, Cash Buyer, Free And Clear, High Equity, Absentee Owner","Sharon Mccray",,Mccray,"8900 Esterbrook Ave",Cleveland,OH,44108,Female,197001,55,English,"Married - Likely",100,,1700,145,943.5,1025.1,1326,3.978,26.52,"+1 (216) 533-6282","Sharon A Mccray",wireless,Yes,"Light Usage","+1 (216) 255-2804","Sharon A Mccray",wireless,Yes,"Moderate Usage","+1 (216) 214-1090","Anthony D Long",wireless,No,"No data available or no usage in the last 2 months",,,,,,,,,,,,,,,,,,,,,,,,,,,,,,,,,,,,,,,,,,,,,,,,,,,,,,,,,,,,,,,,,,,,,,
"7515 Cornelia Ave",Cleveland,OH,44103,"Off Market, Free And Clear, High Equity, Senior Owner, Absentee Owner","Nilvia Santiago",,Santiago,"1913 W 74th St",Cleveland,OH,44102,Female,194800,77,Spanish,"Married - Likely",100,1700,800,157,444,482.4,624,1.872,12.48,"+1 (216) 401-6679","Nilvia E Santiago",wireless,Yes,"Moderate Usage","+1 (216) 651-4478","Nilvia E Santiago",landline,Yes,"Light Usage","+1 (216) 760-3822","Margarita M Santiago",wireless,No,"Light Usage","+1 (216) 314-8922","Margarita M Santiago",wireless,No,,"+1 (216) 651-4478","Margarita M Santiago",landline,No,,"+1 (216) 651-4478","Saul N Santiago",landline,No,,,,,,,,,,,,,,,,,,,,,,,,,,,,,,,,,,,,,,,,,,,,,,,,,,,,,,,,
"1426 E 109th St",Cleveland,OH,44106,"Off Market, Adjustable Loan, Absentee Owner","Courtney L Green",,Green,"1422 E 109th St",Cleveland,OH,44106,Female,198601,39,English,"Single - Likely",100,8900,1700,158,943.5,1025.1,1326,3.978,26.52,"+1 (216) 233-6397","Courtney L Green",wireless,Yes,"Heavy Usage","+1 (216) 233-6397","Ray C Green",wireless,No,"No data available or no usage in the last 2 months",,,,,,,,,,,,,,,,,,,,,,,,,,,,,,,,,,,,,,,,,,,,,,,,,,,,,,,,,,,,,,,,,,,,,,,,,,,
"11402 Gray Ave",Cleveland,OH,44108,"Off Market, Cash Buyer, Free And Clear, High Equity, Senior Owner, Absentee Owner","Karen Lockett",,Lockett,"11406 Gray Ave",Cleveland,OH,44108,Male,195710,68,English,,100,10500,2200,186,1221,1326.6,1716,5.148,34.32,"+1 (216) 387-6759","Karen Lockett",wireless,Yes,"Minimal Usage","+1 (216) 200-9669","Karen Lockett",wireless,Yes,"Light Usage",,,,,,,,,,,,,,,,,,,,,,,,,,,,,,,,,,,,,,,,,,,,,,,,,,,,,,,,,,,,,,,,,,,,,,,,,,,
"11410 Gray Ave",Cleveland,OH,44108,"Off Market, Cash Buyer, Free And Clear, High Equity, Senior Owner, Tired Landlord, Absentee Owner, Vacant Home","Marilyn M Morton",,Morton,"14606 Lake Shore Blvd",Cleveland,OH,44110,,,,,,100,,76457,150,42433.635,46103.571,59636.46,178.90938,1192.7292,"+1 (216) 296-1627","Franklin Morton",wireless,No,"Moderate Usage",,,,,,,,,,,,,,,,,,,,,,,,,,,,,,,,,,,,,,,,,,,,,,,,,,,,,,,,,,,,,,,,,,,,,,,,,,,,,,,,
"10914 Drexel Ave",Cleveland,OH,44108,"Off Market, Cash Buyer, Free And Clear, High Equity, Senior Owner, Absentee Owner","Alan Jones Sr",,Jones,"10918 Drexel Ave",Cleveland,OH,44108,Male,198206,43,,,100,5000,600,184,333,361.8,468,1.404,9.36,"+1 (216) 904-7609","Alan Jones",wireless,Yes,"Light Usage","+1 (216) 346-9537","Alan B Jones",wireless,Yes,"Light Usage","+1 (216) 904-7609","Alan B Jones",wireless,Yes,"No data available or no usage in the last 2 months","+1 (216) 231-5592","Latanya D Moultry",landline,No,,"+1 (216) 541-5015","Latanya D Moultry",landline,No,,"+1 (216) 231-5592","Gertha M Moultry",landline,No,,"+1 (216) 541-5015","Gertha M Moultry",landline,No,,,,,,,,,,,,,,,,,,,,,,,,,,,,,,,,,,,,,,,,,,,,,,,,,,,
"10831 Morison Ave",Cleveland,OH,44108,"Off Market, Cash Buyer, Free And Clear, High Equity, Absentee Owner","Jardene Shell",,Shell,"17109 Scottsdale Blvd",Cleveland,OH,44120,,,,,,100,,600,140,333,361.8,468,1.404,9.36,"+1 (216) 322-9354","Jeneen A Shell",wireless,No,"Heavy Usage","+1 (216) 324-0700","Juliana D Shell",wireless,No,"No data available or no usage in the last 2 months","+1 (216) 561-2567","Brooklyn L Shell",landline,No,"No data available or no usage in the last 2 months","+1 (216) 903-4100","Brooklyn L Shell",wireless,No,,"+1 (440) 591-8452","Tyrone M Boyd",wireless,No,,"+1 (216) 321-1016","Tyrone M Boyd",landline,No,,"+1 (216) 407-1154","Tyrone M Boyd",wireless,No,,"+1 (216) 321-1016","Khalid Boyd",landline,No,,,,,,,,,,,,,,,,,,,,,,,,,,,,,,,,,,,,,,,,,,,,,,
"1445 E 66th St",Cleveland,OH,44103,"Off Market, Cash Buyer, Free And Clear, High Equity, Absentee Owner","Nimer Aduhamdeh",,Aduhamdeh,"18696 Stony Point Dr",Strongsville,OH,44136,,,,,,100,15000,6500,170,3607.5,3919.5,5070,15.21,101.4,"+1 (216) 244-0529","Nayel F Abuhamdeh",wireless,No,"Heavy Usage","+1 (216) 244-5005","Eman A Abuhamdeh",wireless,No,"Heavy Usage","+1 (216) 385-2195","Eman A Abuhamdeh",wireless,No,"No data available or no usage in the last 2 months","+1 (216) 394-6155","Nidal F Abuhamdeh",wireless,No,,,,,,,,,,,,,,,,,,,,,,,,,,,,,,,,,,,,,,,,,,,,,,,,,,,,,,,,,,,,,,,,,,
"1348 E 68th St",Cleveland,OH,44103,"Off Market, Free And Clear, High Equity, Senior Owner, Absentee Owner","Cheryl Hancock",,Hancock,"1344 E 68th St",Cleveland,OH,44103,Female,195806,67,English,"Single - Likely",100,,1300,156,721.5,783.9,1014,3.042,20.28,"+1 (216) 924-7015","Cheryl D Hancock",wireless,Yes,"Heavy Usage","+1 (216) 713-2950","Cheryl D Hancock",landline,Yes,"Minimal Usage",,,,,,,,,,,,,,,,,,,,,,,,,,,,,,,,,,,,,,,,,,,,,,,,,,,,,,,,,,,,,,,,,,,,,,,,,,,
"6404 Orton Ct",Cleveland,OH,44103,"Off Market, Cash Buyer, Free And Clear, High Equity, Absentee Owner","Frank M Rote",,Rote,"1122 E 63rd St",Cleveland,OH,44103,Male,196502,60,,"Single - Likely",100,10000,2200,176,1221,1326.6,1716,5.148,34.32,"+1 (216) 361-2022","Frank M Rote",wireless,Yes,"Moderate Usage","+1 (216) 375-8524","Frank M Rote",wireless,Yes,"Heavy Usage",,,,,,,,,,,,,,,,,,,,,,,,,,,,,,,,,,,,,,,,,,,,,,,,,,,,,,,,,,,,,,,,,,,,,,,,,,,
"3169 W 86th St",Cleveland,OH,44102,"Off Market, Absentee Owner","Eugenio Roldan Jr",,Roldan,"113 Forest Hill Dr","Avon Lake",OH,44012,,,,,,100,54900,10100,137,5605.5,6090.3,7878,23.634,157.56,"+1 (614) 595-5429","Anthony J Diebert",wireless,No,"Moderate Usage","+1 (440) 961-0521","Anthony J Diebert",landline,No,"Minimal Usage","+1 (440) 949-2798","Dianna M Spycher",landline,No,"No data available or no usage in the last 2 months",,,,,,,,,,,,,,,,,,,,,,,,,,,,,,,,,,,,,,,,,,,,,,,,,,,,,,,,,,,,,,,,,,,,,,
"3225 W 56th St",Cleveland,OH,44102,"Off Market, Free And Clear, High Equity, Senior Owner, Absentee Owner","Thomas A Losh",,Losh,"3229 W 56th St",Cleveland,OH,44102,Male,194906,76,,"Single - Likely",100,1000,7400,157,4107,4462.2,5772,17.316,115.44,"+1 (216) 281-3869","Thomas A Losh",wireless,Yes,"Minimal Usage",,,,,,,,,,,,,,,,,,,,,,,,,,,,,,,,,,,,,,,,,,,,,,,,,,,,,,,,,,,,,,,,,,,,,,,,,,,,,,,,
"10718 Dale Ave",Cleveland,OH,44111,"Off Market, Cash Buyer, Free And Clear, High Equity, Absentee Owner","William M Basenback",,Basenback,"10714 Dale Ave",Cleveland,OH,44111,Male,198511,40,,"Married - Likely",100,71700,1800,154,999,1085.4,1404,4.212,28.08,"+1 (216) 251-3959","William M Basenback",wireless,Yes,"Minimal Usage","+1 (216) 221-1508","William M Basenback",landline,Yes,"No data available or no usage in the last 2 months","+1 (216) 400-7296","William M Basenback",landline,Yes,"Light Usage","+1 (216) 469-7852","Virginia R Basenback",wireless,No,,"+1 (216) 221-1508","Virginia R Basenback",landline,No,,,,,,,,,,,,,,,,,,,,,,,,,,,,,,,,,,,,,,,,,,,,,,,,,,,,,,,,,,,,,
"5802 Ira Ave",Cleveland,OH,44144,"Off Market","Jeffrey A Stone",,Stone,"5802 Ira Ave",Cleveland,OH,44144,Male,197201,53,English,"Married - Likely",100,,13200,110,7326,7959.6,10296,30.888,205.92,"+1 (216) 544-7569","Jeffrey A Stone",wireless,Yes,"Minimal Usage",,,,,,,,,,,,,,,,,,,,,,,,,,,,,,,,,,,,,,,,,,,,,,,,,,,,,,,,,,,,,,,,,,,,,,,,,,,,,,,,
"3122 W 17th St",Cleveland,OH,44109,"Off Market, Cash Buyer, Free And Clear, High Equity, Senior Owner, Absentee Owner","Nicolae & Maria Protopopescu",,Protopopescu,"3904 W 227th St",Cleveland,OH,44126,Female,195009,75,English,"Married - Likely",100,1000,1800,157,999,1085.4,1404,4.212,28.08,"+1 (440) 777-4739","Maria R Protopopescu",wireless,Yes,"Minimal Usage","+1 (440) 777-4739","Nicolae R Protopopescu",wireless,Yes,"No data available or no usage in the last 2 months",,,,,,,,,,,,,,,,,,,,,,,,,,,,,,,,,,,,,,,,,,,,,,,,,,,,,,,,,,,,,,,,,,,,,,,,,,,
"2200 W 30th St",Cleveland,OH,44113,"Off Market, Cash Buyer, Free And Clear, High Equity, Absentee Owner","David Nosse",,Nosse,"3016 Monroe Ave",Cleveland,OH,44113,Male,198606,39,English,,100,4000,7100,143,3940.5,4281.3,5538,16.614,110.76,"+1 (216) 651-8913","David D Nosse",wireless,Yes,"Light Usage",,,,,,,,,,,,,,,,,,,,,,,,,,,,,,,,,,,,,,,,,,,,,,,,,,,,,,,,,,,,,,,,,,,,,,,,,,,,,,,,
"3426 Walton Ave",Cleveland,OH,44113,"Off Market, Cash Buyer, Free And Clear, High Equity, Absentee Owner","Jacqueline A Branco",,Branco,"3422 Walton Ave",Cleveland,OH,44113,Female,196906,56,Portuguese,,100,,8500,145,4717.5,5125.5,6630,19.89,132.6,"+1 (216) 650-1112","Jacqueline A Branco",wireless,Yes,"Moderate Usage","+1 (216) 281-8363","Jacqueline A Branco",landline,Yes,"No data available or no usage in the last 2 months","+1 (216) 303-9863","Jacqueline A Branco",landline,Yes,"Light Usage","+1 (216) 281-8363","Angela L Branco",landline,No,,"+1 (216) 303-9863","Angela L Branco",landline,No,,"+1 (216) 533-6882","Timothy W Hanes",wireless,No,,,,,,,,,,,,,,,,,,,,,,,,,,,,,,,,,,,,,,,,,,,,,,,,,,,,,,,,
"1267 W 67th St",Cleveland,OH,44102,"Off Market, Cash Buyer, Free And Clear, High Equity, Absentee Owner","Samuel J Gmetro",,Gmetro,"1322 W 64th St",Cleveland,OH,44102,,,,,,100,5000,31800,170,17649,19175.4,24804,74.412,496.08,"+1 (440) 318-8999","Carla R Reale",wireless,No,"Moderate Usage","+1 (440) 979-1964","Carla R Reale",landline,No,"No data available or no usage in the last 2 months","+1 (330) 701-0284","Carla R Reale",wireless,No,"Minimal Usage",,,,,,,,,,,,,,,,,,,,,,,,,,,,,,,,,,,,,,,,,,,,,,,,,,,,,,,,,,,,,,,,,,,,,,
"7445 Oakhill Rd",Bedford,OH,44146,"Off Market, Cash Buyer, Free And Clear, High Equity, Absentee Owner","David A Pfanner",,Pfanner,"7441 Oakhill Rd",Bedford,OH,44146,Male,197704,48,English,"Single - Likely",100,12100,34400,174,19092,20743.2,26832,80.496,536.64,"+1 (419) 503-3639","David A Pfanner",wireless,Yes,"Minimal Usage","+1 (330) 310-7755","David A Pfanner",wireless,Yes,"Moderate Usage","+1 (419) 450-0424","Stephen J Pfanner",wireless,No,"No data available or no usage in the last 2 months","+1 (419) 625-1559","Stephen J Pfanner",wireless,No,,,,,,,,,,,,,,,,,,,,,,,,,,,,,,,,,,,,,,,,,,,,,,,,,,,,,,,,,,,,,,,,,,
"3822 Bushnell Rd",Cleveland,OH,44118,"Off Market, Cash Buyer, Low Equity, Absentee Owner","Derrick Brandt",,Brandt,"2160 Superior Ave E",Cleveland,OH,44114,Male,197503,50,,"Married - Likely",-12,270000,233036,18,129334.98,140520.708,181768.08,545.30424,3635.3616,"+1 (772) 324-0033","Derrick G Brandt",wireless,Yes,"Moderate Usage","+1 (772) 708-8775","Derrick G Brandt",wireless,Yes,"No data available or no usage in the last 2 months","+1 (440) 471-7860","Derrick G Brandt",landline,Yes,"Moderate Usage","+1 (440) 471-7860","Madeline A Brandt",landline,No,,"+1 (806) 358-2521","Madeline A Brandt",landline,No,,"+1 (772) 220-8608","Madeline A Brandt",landline,No,,,,,,,,,,,,,,,,,,,,,,,,,,,,,,,,,,,,,,,,,,,,,,,,,,,,,,,,
"12808 Speedway Overlook",Cleveland,OH,44112,"Off Market, High Equity, Absentee Owner","Bettylouise C Simpson",,Simpson,"19051 Locherie Ave",Cleveland,OH,44119,,,,,,100,,3400,140,1887,2050.2,2652,7.956,53.04,"+1 (216) 287-2415","Maria L Simpson",wireless,No,"Moderate Usage","+1 (216) 862-6935","Maria L Simpson",landline,No,"Minimal Usage","+1 (216) 486-1444","Maria L Simpson",landline,No,"No data available or no usage in the last 2 months",,,,,,,,,,,,,,,,,,,,,,,,,,,,,,,,,,,,,,,,,,,,,,,,,,,,,,,,,,,,,,,,,,,,,,
"2359 Royalwood Rd","Broadview Heights",OH,44147,"Off Market, Cash Buyer, Free And Clear, High Equity, Senior Owner, Absentee Owner","Thomas & Susan Tarnowski",,Tarnowski,"3002 Brookdale Ave",Cleveland,OH,44134,Female,196111,64,English,"Married - Likely",100,14000,17400,186,9657,10492.2,13572,40.716,271.44,"+1 (440) 915-3140","Susan J Tarnowski",wireless,Yes,"Moderate Usage",,,,,,,,,,,,,,,,,,,,,,,,,,,,,,,,,,,,,,,,,,,,,,,,,,,,,,,,,,,,,,,,,,,,,,,,,,,,,,,,
"16013 Neladale Rd",Cleveland,OH,44112,"Off Market, Cash Buyer, Free And Clear, High Equity, Absentee Owner","James L Peterson",,Peterson,"13562 Cedar Rd","University Heights",OH,44118,,,,,,100,53334,6400,152,3552,3859.2,4992,14.976,99.84,"+1 (216) 785-3135","Tamala A Anderson",wireless,No,"Minimal Usage","+1 (216) 323-6866","Tamala A Anderson",wireless,No,"Minimal Usage","+1 (216) 309-3817","Jennie P Owens",wireless,No,"No data available or no usage in the last 2 months","+1 (216) 413-6317","Angelique J Williams",wireless,No,,"+1 (216) 924-9252","Angelique J Williams",wireless,No,,,,,,,,,,,,,,,,,,,,,,,,,,,,,,,,,,,,,,,,,,,,,,,,,,,,,,,,,,,,,
"14222 Orinoco Ave",Cleveland,OH,44112,"Off Market, Cash Buyer, Free And Clear, High Equity, Absentee Owner","Sherman Smith",,Smith,"3757 Princeton Blvd",Cleveland,OH,44121,,,,,,100,,2600,140,1443,1567.8,2028,6.084,40.56,"+1 (216) 650-5616","Brittany M Bartley",wireless,No,"Moderate Usage","+1 (440) 381-7891","Brittany M Bartley",wireless,No,"Minimal Usage",,,,,,,,,,,,,,,,,,,,,,,,,,,,,,,,,,,,,,,,,,,,,,,,,,,,,,,,,,,,,,,,,,,,,,,,,,,
"27350 Highland Rd",Cleveland,OH,44143,"Off Market, Cash Buyer, Free And Clear, High Equity, Absentee Owner","Joseph Longo",,Longo,"1074 Som Center Rd",Cleveland,OH,44143,,,,,,100,52500,28900,152,16039.5,17426.7,22542,67.626,450.84,"+1 (440) 221-8186","Samuel J Bearden",wireless,No,"Moderate Usage","+1 (440) 683-1803","Samuel J Bearden",landline,No,"Minimal Usage","+1 (440) 949-3078","Samuel J Bearden",landline,No,"Moderate Usage",,,,,,,,,,,,,,,,,,,,,,,,,,,,,,,,,,,,,,,,,,,,,,,,,,,,,,,,,,,,,,,,,,,,,,
"14204 Edgewood Ave",Cleveland,OH,44128,"Off Market, Cash Buyer, Free And Clear, High Equity, Absentee Owner","Earlene E Hamilton",,Hamilton,"14208 Edgewood Ave",Cleveland,OH,44128,,,,,,100,14400,7900,170,4384.5,4763.7,6162,18.486,123.24,"+1 (216) 575-4232","Edna D Hamilton",wireless,No,"Moderate Usage","+1 (216) 921-6038","Edna D Hamilton",landline,No,"No data available or no usage in the last 2 months","+1 (216) 857-8096","Edna D Hamilton",wireless,No,"Heavy Usage","+1 (216) 512-2566","Edward T Block",wireless,No,,,,,,,,,,,,,,,,,,,,,,,,,,,,,,,,,,,,,,,,,,,,,,,,,,,,,,,,,,,,,,,,,,
"3926 E 120th St",Cleveland,OH,44105,"Off Market, Free And Clear, High Equity, Absentee Owner","Sr. L Randle",,Randle,"5107 Case Ave",Cleveland,OH,44124,,,,,,100,,7900,140,4384.5,4763.7,6162,18.486,123.24,"+1 (440) 571-1056","Pieronzetta Randle",wireless,No,"Light Usage","+1 (440) 605-0877","Pieronzetta Randle",landline,No,"No data available or no usage in the last 2 months",,,,,,,,,,,,,,,,,,,,,,,,,,,,,,,,,,,,,,,,,,,,,,,,,,,,,,,,,,,,,,,,,,,,,,,,,,,
"3934 E 121st St",Cleveland,OH,44105,"Off Market, Cash Buyer, Free And Clear, High Equity, Senior Owner, Absentee Owner","Gloria J Cox",,Cox,"3938 E 121st St",Cleveland,OH,44105,Female,193208,93,English,"Married - Likely",100,200,900,159,499.5,542.7,702,2.106,14.04,"+1 (216) 561-4046","Gloria J Cox",wireless,Yes,"Moderate Usage","+1 (216) 240-9966","Sillus J Cox",wireless,No,"No data available or no usage in the last 2 months",,,,,,,,,,,,,,,,,,,,,,,,,,,,,,,,,,,,,,,,,,,,,,,,,,,,,,,,,,,,,,,,,,,,,,,,,,,
"3555 E 117th St",Cleveland,OH,44105,"Off Market, Adjustable Loan, Absentee Owner","Casimir E Forbes",,Forbes,"1840 Rosalind Ave",Cleveland,OH,44112,,,,,,100,8500,7100,155,3940.5,4281.3,5538,16.614,110.76,"+1 (216) 965-1418","Eugenia Davis",wireless,No,"Moderate Usage",,,,,,,,,,,,,,,,,,,,,,,,,,,,,,,,,,,,,,,,,,,,,,,,,,,,,,,,,,,,,,,,,,,,,,,,,,,,,,,,
"9703 Sandusky Ave",Cleveland,OH,44105,"Off Market, Cash Buyer, Free And Clear, High Equity, Senior Owner, Absentee Owner","Shirlestie & Floid Richard",,Richard,"9707 Sandusky Ave",Cleveland,OH,44105,Female,195803,67,English,"Married - Likely",100,,1500,156,832.5,904.5,1170,3.51,23.4,"+1 (216) 272-2041","Shirlestie Richard",wireless,Yes,"Heavy Usage","+1 (216) 341-6252","Shirlestie Richard",landline,Yes,"No data available or no usage in the last 2 months",,,,,,,,,,,,,,,,,,,,,,,,,,,,,,,,,,,,,,,,,,,,,,,,,,,,,,,,,,,,,,,,,,,,,,,,,,,
"14910 Ohio Ave",Cleveland,OH,44128,"Off Market, Cash Buyer, Senior Owner, Empty Nester","Mary Hollins & L. Andre",,Hollins,"14910 Ohio Ave",Cleveland,OH,44128,Female,195308,72,English,"Single - Likely",100,5100,4600,152,2553,2773.8,3588,10.764,71.76,"+1 (216) 659-1801","Mary C Hollins",wireless,Yes,"Heavy Usage","+1 (216) 332-9569","Mary C Hollins",landline,Yes,"Moderate Usage","+1 (216) 283-0078","Mary C Hollins",landline,Yes,"No data available or no usage in the last 2 months","+1 (323) 348-4848","Ruby L Hollins",landline,No,,"+1 (216) 332-9569","Ruby L Hollins",landline,No,,"+1 (216) 332-9569","Booker T Hollins Jr.",landline,No,,"+1 (216) 283-0078","Booker T Hollins Jr.",landline,No,,"+1 (216) 283-9014","Booker T Hollins Jr.",landline,No,,"+1 (216) 332-9569","Andre L Hollins",landline,No,,"+1 (216) 283-0078","Andre L Hollins",landline,No,,"+1 (216) 283-9014","Andre L Hollins",landline,No,,,,,,,,,,,,,,,,,,,,,,,,,,,,,,,
"11717 Jesse Ave",Cleveland,OH,44105,"Off Market, Adjustable Loan, Senior Owner, Absentee Owner","Sharon Harriston",,Harriston,"11721 Jesse Ave",Cleveland,OH,44105,Female,195811,67,English,,100,,1500,141,832.5,904.5,1170,3.51,23.4,"+1 (216) 849-6440","Sharon D Harriston",wireless,Yes,"Moderate Usage","+1 (216) 441-6563","Sharon D Harriston",landline,Yes,"Light Usage","+1 (216) 713-2258","Sharon D Harriston",landline,Yes,"Minimal Usage","+1 (216) 212-7250","Destiny V Harriston",wireless,No,,"+1 (216) 713-2258","Destiny V Harriston",landline,No,,"+1 (216) 465-1895","Destiny V Harriston",landline,No,,,,,,,,,,,,,,,,,,,,,,,,,,,,,,,,,,,,,,,,,,,,,,,,,,,,,,,,
"11512 Forest Ave",Cleveland,OH,44104,"Off Market, Cash Buyer, Free And Clear, High Equity, Out Of State Owner, Absentee Owner","Ya R Zhang",,Zhang,"3468 S Scott Park Ln","Salt Lake City",UT,84106,,,,,,100,3900,1800,140,999,1085.4,1404,4.212,28.08,"+1 (801) 661-6218","Dayou Zhao",wireless,No,"Minimal Usage","+1 (801) 864-9681","Dayou Zhao",wireless,No,"Light Usage","+1 (801) 485-0910","Dayou Zhao",landline,No,"No data available or no usage in the last 2 months","+1 (801) 485-0910","Linda X Zhao",landline,No,,,,,,,,,,,,,,,,,,,,,,,,,,,,,,,,,,,,,,,,,,,,,,,,,,,,,,,,,,,,,,,,,,
"9713 Dickens Ave",Cleveland,OH,44104,"Off Market, Free And Clear, High Equity, Absentee Owner","Pandora Prince",,Prince,"13804 Southview Ave",Cleveland,OH,44120,Female,196910,56,English,"Married - Likely",100,9000,3300,175,1831.5,1989.9,2574,7.722,51.48,"+1 (216) 269-8241","Pandora R Prince",wireless,Yes,"Heavy Usage","+1 (216) 376-2487","Phillip E Prince",wireless,No,"No data available or no usage in the last 2 months","+1 (734) 486-5039","Emmanuel J Tucker",wireless,No,"No data available or no usage in the last 2 months",,,,,,,,,,,,,,,,,,,,,,,,,,,,,,,,,,,,,,,,,,,,,,,,,,,,,,,,,,,,,,,,,,,,,,
"14407 Ohio Ave",Cleveland,OH,44128,"Off Market, Cash Buyer, Free And Clear, High Equity, Senior Owner, Absentee Owner","Mary E Sinclair",,Sinclair,"14501 Ohio Ave",Cleveland,OH,44128,Female,195010,75,English,"Single - Likely",100,1000,5900,157,3274.5,3557.7,4602,13.806,92.04,"+1 (216) 375-6304","Mary E Sinclair",wireless,Yes,"Moderate Usage","+1 (216) 587-1176","Mary E Sinclair",landline,Yes,"Minimal Usage","+1 (216) 789-5099","Mary E Sinclair",wireless,Yes,"Light Usage","+1 (216) 587-1215","Diana S Butler",landline,No,,"+1 (216) 242-9605","Diana S Butler",wireless,No,,"+1 (216) 773-2771","Diana S Butler",wireless,No,,"+1 (216) 323-4313","Shane D White",wireless,No,,,,,,,,,,,,,,,,,,,,,,,,,,,,,,,,,,,,,,,,,,,,,,,,,,,
"3968 E 66th St",Cleveland,OH,44105,"Off Market, Cash Buyer, Free And Clear, High Equity, Senior Owner, Absentee Owner","Kathleen M Kozumplik",,Kozumplik,"3964 E 66th St",Cleveland,OH,44105,Female,195610,69,English,"Single - Likely",100,20000,1700,186,943.5,1025.1,1326,3.978,26.52,"+1 (216) 255-2035","Kathleen M Kozumplik",wireless,Yes,"Light Usage","+1 (216) 341-5336","Kathleen M Kozumplik",landline,Yes,"No data available or no usage in the last 2 months",,,,,,,,,,,,,,,,,,,,,,,,,,,,,,,,,,,,,,,,,,,,,,,,,,,,,,,,,,,,,,,,,,,,,,,,,,,
"6812 Fullerton Ave",Cleveland,OH,44105,"Off Market, Cash Buyer, Free And Clear, High Equity, Absentee Owner","Tanja & Fred Foster",,Foster,"5388 Mardale Ave",Bedford,OH,44146,Female,196502,60,English,"Married - Likely",100,15000,5700,176,3163.5,3437.1,4446,13.338,88.92,"+1 (216) 973-9986","Tanja M Foster",wireless,Yes,"Moderate Usage","+1 (216) 587-3106","Tanja M Foster",landline,Yes,"No data available or no usage in the last 2 months","+1 (216) 587-3106","Jocelyn E Foster",landline,No,"No data available or no usage in the last 2 months","+1 (216) 973-4327","Jocelyn E Foster",wireless,No,,"+1 (216) 256-3930","Roger C Pryor",wireless,No,,"+1 (330) 963-7492","Roger C Pryor",landline,No,,"+1 (407) 630-0282","Anthony W Tartt",wireless,No,,,,,,,,,,,,,,,,,,,,,,,,,,,,,,,,,,,,,,,,,,,,,,,,,,,
"7121 Hand Ave",Cleveland,OH,44127,"Off Market, Cash Buyer, Free And Clear, High Equity, Absentee Owner","Norris N Poling",,Poling,"7115 Hand Ave",Cleveland,OH,44127,Male,197802,47,,"Married - Likely",100,20100,5600,174,3108,3376.8,4368,13.104,87.36,"+1 (216) 288-4862","Norris N Poling",wireless,Yes,"Minimal Usage","+1 (216) 849-9681","Neythan N Poling",wireless,No,"No data available or no usage in the last 2 months","+1 (216) 255-9819","Diana L Jaworski",landline,No,"No data available or no usage in the last 2 months",,,,,,,,,,,,,,,,,,,,,,,,,,,,,,,,,,,,,,,,,,,,,,,,,,,,,,,,,,,,,,,,,,,,,,
"16205 Telfair Ave",Cleveland,OH,44128,"Off Market, Cash Buyer, Absentee Owner","Charlene Hilliard",,Hilliard,"4493 Glenview Rd",Cleveland,OH,44128,,,,,,100,5000,11400,155,6327,6874.2,8892,26.676,177.84,"+1 (216) 471-5773","Latia N Mcdowell",wireless,No,"Moderate Usage","+1 (216) 382-0055","Latia N Mcdowell",landline,No,"No data available or no usage in the last 2 months","+1 (216) 862-8833","Latia N Mcdowell",landline,No,"Minimal Usage","+1 (216) 624-7357","Rodney E Scott",wireless,No,,,,,,,,,,,,,,,,,,,,,,,,,,,,,,,,,,,,,,,,,,,,,,,,,,,,,,,,,,,,,,,,,,
"4916 Frazee Ave",Cleveland,OH,44127,"Off Market, Cash Buyer, Free And Clear, High Equity, Senior Owner, Absentee Owner","Pedro Quinones",,Quinones,"4914 Frazee Ave",Cleveland,OH,44127,,,,,,100,5204,1700,180,943.5,1025.1,1326,3.978,26.52,"+1 (440) 412-6577","Alex J Luka",wireless,No,"Light Usage","+1 (216) 431-7867","Alex J Luka",landline,No,"No data available or no usage in the last 2 months","+1 (216) 212-9572","Laura H Brennan",wireless,No,"Moderate Usage","+1 (216) 862-9300","Laura H Brennan",landline,No,,"+1 (216) 317-0149","Laura H Brennan",wireless,No,,,,,,,,,,,,,,,,,,,,,,,,,,,,,,,,,,,,,,,,,,,,,,,,,,,,,,,,,,,,,
"2879 E 64th St",Cleveland,OH,44127,"Off Market, Free And Clear, High Equity, Absentee Owner","Joyce H Brown",,Brown,"4231 W 220th St",Cleveland,OH,44126,,,,,,100,,5600,140,3108,3376.8,4368,13.104,87.36,"+1 (440) 465-8031","Norah K Hoke",wireless,No,"Moderate Usage","+1 (330) 749-5278","Rian S Carlton",wireless,No,"Moderate Usage","+1 (330) 347-6031","Rian S Carlton",wireless,No,"No data available or no usage in the last 2 months",,,,,,,,,,,,,,,,,,,,,,,,,,,,,,,,,,,,,,,,,,,,,,,,,,,,,,,,,,,,,,,,,,,,,,
"11701 Ohlman Ave",Cleveland,OH,44108,"Off Market, Cash Buyer, Free And Clear, High Equity, Senior Owner, Out Of State Owner, Absentee Owner","Debra Carley",,Carley,"643 Muirwood Cir",Ridgeland,MS,39157,Female,195504,70,English,"Single - Likely",100,10000,5600,187,3108,3376.8,4368,13.104,87.36,"+1 (407) 256-1641","Debra J Baxter",wireless,Yes,"Light Usage",,,,,,,,,,,,,,,,,,,,,,,,,,,,,,,,,,,,,,,,,,,,,,,,,,,,,,,,,,,,,,,,,,,,,,,,,,,,,,,,
"10602 Morison Ave",Cleveland,OH,44108,"Off Market, Cash Buyer, Free And Clear, High Equity, Senior Owner, Absentee Owner, Corporate Owner","Morison Avenue Missionary Baptist Church",,"Morison Avenue Missionary Bapt","10606 Morison Ave",Cleveland,OH,44108,Male,195610,69,,,100,,1700,155,943.5,1025.1,1326,3.978,26.52,"+1 (216) 209-5666","Ralph H Faulkner",wireless,Yes,"Minimal Usage","+1 (216) 848-9751","Ralph H Faulkner",wireless,Yes,"No data available or no usage in the last 2 months","+1 (216) 712-2025","Ralph H Faulkner",wireless,Yes,"Moderate Usage",,,,,,,,,,,,,,,,,,,,,,,,,,,,,,,,,,,,,,,,,,,,,,,,,,,,,,,,,,,,,,,,,,,,,,
"11707 Saywell Ave",Cleveland,OH,44108,"Off Market, Free And Clear, High Equity, Absentee Owner","Dorletha G Pitts & Viola Dixon",,Pitts,"9009 Parmelee Ave",Cleveland,OH,44108,,,,,,100,5000,7200,170,3996,4341.6,5616,16.848,112.32,"+1 (216) 551-7024","Luis A Ortiz",wireless,No,"Moderate Usage","+1 (314) 274-2501","Luis A Ortiz",landline,No,"Minimal Usage",,,,,,,,,,,,,,,,,,,,,,,,,,,,,,,,,,,,,,,,,,,,,,,,,,,,,,,,,,,,,,,,,,,,,,,,,,,
"1272 E 111th St",Cleveland,OH,44108,"Off Market, Cash Buyer, Free And Clear, High Equity, Absentee Owner","Andre F Haynesworth",,Haynesworth,"1278 E 111th St",Cleveland,OH,44108,,,,,,100,1499,2300,140,1276.5,1386.9,1794,5.382,35.88,"+1 (216) 214-3888","Andre F Haynesworth",wireless,No,"Moderate Usage","+1 (216) 938-9557","Andre F Haynesworth",landline,No,"Minimal Usage","+1 (216) 574-2299","Andre F Haynesworth",landline,No,"Light Usage",,,,,,,,,,,,,,,,,,,,,,,,,,,,,,,,,,,,,,,,,,,,,,,,,,,,,,,,,,,,,,,,,,,,,,
"16007 Pythias Ave",Cleveland,OH,44110,"Off Market, Cash Buyer, Free And Clear, High Equity, Absentee Owner","Anthony J Donerson",,Donerson,"16009 Pythias Ave",Cleveland,OH,44110,Male,197709,48,,,100,11722,1400,174,777,844.2,1092,3.276,21.84,"+1 (216) 773-3997","Anthony J Donerson",wireless,Yes,"Heavy Usage","+1 (216) 760-5059","Anthony J Donerson",wireless,Yes,"Moderate Usage","+1 (216) 773-3977","Anthony J Donerson",wireless,Yes,"No data available or no usage in the last 2 months","+1 (216) 235-2710","Keisean Donerson",wireless,No,,"+1 (216) 773-1877","Lakisha A Donerson",wireless,No,,"+1 (216) 481-1851","Lakisha A Donerson",landline,No,,"+1 (216) 773-3997","Lakisha A Donerson",wireless,No,,,,,,,,,,,,,,,,,,,,,,,,,,,,,,,,,,,,,,,,,,,,,,,,,,,
"458 Arbor Rd",Cleveland,OH,44108,"Off Market, Cash Buyer, Free And Clear, High Equity, Absentee Owner","Brian Britesh",,Britesh,"760 Quilliams Rd",Cleveland,OH,44121,,,,,,100,11000,5400,170,2997,3256.2,4212,12.636,84.24,"+1 (814) 384-5117","Tyler M Tevis",wireless,No,"Light Usage","+1 (216) 338-1269","Tyler M Tevis",wireless,No,"Minimal Usage",,,,,,,,,,,,,,,,,,,,,,,,,,,,,,,,,,,,,,,,,,,,,,,,,,,,,,,,,,,,,,,,,,,,,,,,,,,
"3323 W 50th St",Cleveland,OH,44102,"Off Market, High Equity, Foreclosure, Absentee Owner, Vacant Home, Zombie Property","Linnette Coleman",,Coleman,"3442 E 140th St",Cleveland,OH,44120,Female,197310,52,English,"Married - Likely",100,1400,75756,145,42044.58,45680.868,59089.68,177.26904,1181.7936,"+1 (216) 548-5366","Linnette D Huffman",wireless,Yes,"Moderate Usage","+1 (216) 921-1635","Annie D Lewis",landline,No,"No data available or no usage in the last 2 months","+1 (216) 721-0306","Annie D Lewis",landline,No,"No data available or no usage in the last 2 months","+1 (216) 671-4232","Annie D Lewis",landline,No,,,,,,,,,,,,,,,,,,,,,,,,,,,,,,,,,,,,,,,,,,,,,,,,,,,,,,,,,,,,,,,,,,
"3185 W 52nd St",Cleveland,OH,44102,"Off Market, Cash Buyer, Free And Clear, High Equity, Absentee Owner","Frank R Wolter & Joseph Kowalski",,Wolter,"1201 Highland Rd E",Macedonia,OH,44056,Male,197505,50,English,,100,9500,2000,175,1110,1206,1560,4.68,31.2,"+1 (216) 526-8677","Frank R Wolter",wireless,Yes,"Heavy Usage",,,,,,,,,,,,,,,,,,,,,,,,,,,,,,,,,,,,,,,,,,,,,,,,,,,,,,,,,,,,,,,,,,,,,,,,,,,,,,,,
"7415 Dudley Ave",Cleveland,OH,44102,"Off Market, Free And Clear, High Equity, Absentee Owner","Jeffrey M Taylor",,Taylor,"7419 Dudley Ave",Cleveland,OH,44102,,,,,,100,18896,1300,170,721.5,783.9,1014,3.042,20.28,"+1 (216) 972-4852","Brittany L Cole",wireless,No,"Light Usage","+1 (216) 862-2781","Brittany L Cole",landline,No,"Light Usage","+1 (216) 385-4253","Brittany L Cole",wireless,No,"Minimal Usage","+1 (216) 801-2556","Kyle W Cole",wireless,No,,"+1 (216) 862-2781","Kyle W Cole",landline,No,,,,,,,,,,,,,,,,,,,,,,,,,,,,,,,,,,,,,,,,,,,,,,,,,,,,,,,,,,,,,
"7125 Camden Ave",Cleveland,OH,44102,"Off Market, Cash Buyer, Free And Clear, High Equity, Absentee Owner","James & Bonnie Walker",,Walker,"7121 Camden Ave",Cleveland,OH,44102,Female,196103,64,English,"Married - Likely",100,79382,1300,156,721.5,783.9,1014,3.042,20.28,"+1 (216) 470-2426","Bonnie S Walker",wireless,Yes,"Moderate Usage",,,,,,,,,,,,,,,,,,,,,,,,,,,,,,,,,,,,,,,,,,,,,,,,,,,,,,,,,,,,,,,,,,,,,,,,,,,,,,,,
"2073 W 81st St",Cleveland,OH,44102,"Off Market, Cash Buyer, High Equity, Absentee Owner","Maria D Hernandez & Margarita Rodriguez",,Hernandez,"4587 Niessen Ct",Cleveland,OH,44109,Female,198608,39,Spanish,"Single - Likely",100,6000,9200,173,5106,5547.6,7176,21.528,143.52,"+1 (216) 526-1605","Maria I Ramos",wireless,Yes,"Light Usage",,,,,,,,,,,,,,,,,,,,,,,,,,,,,,,,,,,,,,,,,,,,,,,,,,,,,,,,,,,,,,,,,,,,,,,,,,,,,,,,
"3024 W 105th St",Cleveland,OH,44111,"Off Market, Cash Buyer, Free And Clear, High Equity, Senior Owner, Absentee Owner","Khambong V Riaz",,Riaz,"3020 W 105th St",Cleveland,OH,44111,Male,195506,70,English,"Married - Likely",100,,1300,157,721.5,783.9,1014,3.042,20.28,"+1 (216) 374-1208","Khambong K Vongsouvanh",wireless,Yes,"Light Usage","+1 (216) 941-9356","Khambong K Vongsouvanh",landline,Yes,"No data available or no usage in the last 2 months","+1 (216) 526-6612","Khambong K Vongsouvanh",landline,Yes,"Minimal Usage","+1 (216) 269-7612","Antoniyo D Onorefyo",wireless,No,,,,,,,,,,,,,,,,,,,,,,,,,,,,,,,,,,,,,,,,,,,,,,,,,,,,,,,,,,,,,,,,,,
"2566 W 18th Pl",Cleveland,OH,44113,"Off Market, Cash Buyer, Absentee Owner","Adam Sywanky",,Sywanky,"2574 W 18th Pl",Cleveland,OH,44113,,,,,,100,3500,29300,125,16261.5,17667.9,22854,68.562,457.08,"+1 (415) 937-4979","Vaishali S Patel",wireless,No,"Minimal Usage","+1 (415) 221-6141","Vaishali S Patel",landline,No,"No data available or no usage in the last 2 months","+1 (415) 572-5386","Vaishali S Patel",wireless,No,"No data available or no usage in the last 2 months",,,,,,,,,,,,,,,,,,,,,,,,,,,,,,,,,,,,,,,,,,,,,,,,,,,,,,,,,,,,,,,,,,,,,,
